State,Year,Plastic_Collected_Tons,Plastic_Recycled_Tons,Recycling_Rate_%,Grade_1_Tons,Grade_2_Tons,Grade_3_Tons,Grade_4_Tons,Grade_5_Tons,Grade_6_Tons,Grade_7_Tons
Chhattisgarh,2018-2019,28.8,4.0,14.9,4.9,4.0,2.2,2.8,3.9,3.7,4.9
Karnataka,2017-2018,11.2,9.6,92.8,1.0,1.2,1.9,1.2,2.1,1.9,1.6
Bihar,2021-2022,10.8,5.1,50.6,1.8,2.2,1.4,2.7,3.1,3.1,0.9
Kerala,2021-2022,25.6,38.7,80.8,4.5,4.6,5.7,8.0,5.2,6.2,9.8
Uttar Pradesh,2016-2017,51.9,12.3,22.3,8.3,5.8,4.5,8.3,3.1,10.8,6.4
Delhi,2023-2024,25.6,33.6,78.9,8.5,3.3,4.4,9.1,2.1,3.1,5.9
Unknown,Unknown,8.4,6.1,76.1,0.7,2.1,1.4,0.7,0.7,0.9,3.2
Tamil Nadu,2024-2025,17.5,10.4,8.9,1.7,3.9,3.1,1.1,2.1,1.8,3.3
Bihar,2015-2016,50.1,42.7,80.9,7.0,5.9,9.0,4.7,6.5,7.2,6.4
Karnataka,2018-2019,13.7,9.9,70.8,2.5,1.1,3.0,2.4,1.1,2.7,2.0
Jharkhand,2023-2024,28.0,16.9,52.4,6.2,5.4,4.7,2.3,4.3,3.8,2.7
Bihar,2021-2022,38.8,36.6,97.6,3.6,6.4,7.8,5.6,7.4,3.5,2.3
Jharkhand,2017-2018,3.8,2.4,62.4,0.4,0.4,0.7,0.6,0.7,0.7,0.3
Rajasthan,2021-2022,30.8,11.0,30.7,4.3,3.7,5.6,4.4,4.7,6.6,3.7
Delhi,2020-2021,36.0,10.4,14.0,8.4,6.2,2.8,3.5,3.9,3.8,6.6
Unknown,2018-2019,16.3,6.6,43.4,2.0,3.0,3.6,1.2,2.3,1.5,1.5
Assam,2024-2025,5.1,3.5,58.8,0.4,1.2,0.5,0.8,0.6,0.7,1.0
Odisha,2015-2016,33.3,9.5,27.5,5.9,5.0,6.2,3.2,5.8,1.8,2.1
Madhya Pradesh,2017-2018,38.0,37.1,90.6,7.3,6.8,3.6,2.7,4.2,6.9,4.9
Assam,2022-2023,38.9,3.3,8.8,3.4,3.4,5.3,6.4,5.8,6.9,5.7
Karnataka,2022-2023,3.4,2.1,65.7,0.4,0.6,0.4,3.2,0.4,0.3,0.6
Rajasthan,2018-2019,26.6,13.1,52.2,5.9,1.4,3.1500000000000004,5.0,3.0,6.2,1.7
Bihar,Unknown,2.1,1.6,84.3,0.4,0.4,0.3,3.2,3.1,0.3,0.2
Kerala,2019-2020,37.3,0.9,2.6,10.6,3.3,3.1500000000000004,3.6,5.3,4.4,5.3
Karnataka,2015-2016,5.5,3.6,52.75,0.9,0.9,1.1,0.8,0.7,0.6,0.8
Bihar,2024-2025,45.0,35.1,75.1,4.6,2.4,8.7,4.6,9.7,3.1,7.6
Maharashtra,2021-2022,21.3,2.7,12.0,2.0,3.2,4.4,3.5,4.6,3.5,1.8
Uttar Pradesh,2015-2016,44.0,32.8,65.5,7.7,7.3,9.3,4.0,4.7,5.0,7.9
Assam,2021-2022,11.6,11.7,93.0,1.8,2.0,1.5,3.2,1.5,0.9,1.7
Maharashtra,2022-2023,25.3,13.9,64.4,3.8,3.9,3.9,2.9,3.0,4.9,2.2
Punjab,2017-2018,10.6,6.6,69.7,2.4,0.5,2.1,0.7,2.4,1.1,1.4
Jharkhand,2020-2021,44.0,1.7,3.7,3.5,6.4,9.2,6.7,6.9,7.8,4.4
Odisha,Unknown,50.0,18.6,39.5,7.0,8.1,3.1500000000000004,3.3,9.5,8.7,5.4
Andhra Pradesh,2021-2022,17.3,12.6,74.6,4.1,1.4,2.3,3.4,3.1,3.1,1.0
Tamil Nadu,2023-2024,33.7,7.2,22.6,5.3,3.5,2.5,2.3,6.0,4.0,8.5
Gujarat,2024-2025,4.1,1.6,37.6,0.4,0.4,1.1,0.6,0.4,1.0,0.4
Chhattisgarh,2020-2021,40.7,16.0,33.4,10.1,5.4,6.0,9.5,5.2,3.1,3.8
Karnataka,2024-2025,11.0,2.1,17.5,3.0,2.4,0.8,0.9,1.3,2.4,1.2
Kerala,2024-2025,16.3,4.9,31.2,1.5,1.5,2.3,3.2,3.1,2.3,2.0
Haryana,2019-2020,24.3,10.4,22.7,1.8,5.9,1.5,4.2,3.6,3.5,5.6
Andhra Pradesh,2016-2017,30.8,7.4,25.5,3.9,4.8,5.0,4.1,5.5,5.3,1.7
Chhattisgarh,2018-2019,38.0,18.7,52.2,5.8,5.5,2.6,6.0,3.1,7.0,5.1
Maharashtra,2022-2023,27.0,2.5,10.7,1.4,5.3,4.8,1.4,2.8,5.9,3.2
Punjab,2018-2019,6.3,2.2,41.0,1.3,0.5,1.0,1.4,0.5,0.5,0.8
Jharkhand,2024-2025,27.6,10.0,38.9,6.0,3.1,2.8,4.3,1.8,5.4,5.0
Punjab,2018-2019,25.7,7.1,26.4,1.7,5.3,1.4,4.0,4.3,4.7,5.7
Maharashtra,2021-2022,27.3,18.5,64.3,5.3,6.3,2.7,3.9,4.5,3.6,3.0
Karnataka,2024-2025,20.6,18.2,78.4,5.1,4.5,1.7,1.7,1.5,2.0,4.3
Assam,2024-2025,40.9,11.5,26.6,6.3,4.9,6.0,5.0,3.5,3.1,7.9
Karnataka,Unknown,8.2,0.5,6.4,1.2,3.3,1.6,1.2,1.8,0.7,1.4
Unknown,2016-2017,25.6,4.0,95.5,3.3,0.2,0.6,0.4,0.7,0.6,0.4
Delhi,2018-2019,8.9,8.5,96.5,3.3,0.8,0.9,1.9,1.2,1.8,1.0
Bihar,2016-2017,14.8,13.2,93.4,3.3,2.4,3.1500000000000004,1.2,2.2,2.0,2.7
Rajasthan,2016-2017,32.0,26.1,84.7,4.0,3.9,2.9,4.9,6.7,6.8,3.2
Haryana,2018-2019,31.4,26.8,72.4,2.0,5.3,5.3,3.5,6.9,3.3,7.7
Jharkhand,2022-2023,21.5,12.8,56.0,2.7,1.8,2.9,4.2,3.2,1.8,4.5
Assam,2022-2023,7.2,3.9,46.4,1.6,1.6,1.8,0.8,0.4,0.7,0.6
Madhya Pradesh,2021-2022,12.4,1.8,14.7,2.3,2.2,0.6,1.6,2.1,3.1,2.1
Maharashtra,2023-2024,39.4,38.2,102.9,5.8,8.3,2.2,4.1,7.7,9.8,3.8
Karnataka,2023-2024,42.6,10.4,10.1,6.7,6.7,6.9,4.0,3.1,5.8,5.4
Gujarat,2019-2020,30.3,17.9,49.3,5.8,3.0,5.7,4.5,5.5,3.4,3.2
Uttar Pradesh,2023-2024,3.6,3.1,83.3,0.6,0.7,0.5,0.4,0.7,0.4,0.7
Rajasthan,2016-2017,23.7,22.4,79.5,2.8,4.2,5.3,4.2,2.7,1.2,4.1
Karnataka,2020-2021,44.4,12.7,26.4,4.8,7.1,5.3,8.3,4.1,7.3,6.1
Chhattisgarh,2018-2019,21.1,13.5,68.4,3.6,1.8,1.5,5.0,1.7,4.8,4.3
Gujarat,2021-2022,27.5,22.4,88.0,3.1,2.5,4.4,5.0,2.8,3.8,4.6
Madhya Pradesh,2023-2024,29.8,19.9,71.2,4.7,4.5,2.9,4.8,2.4,2.2,6.3
Chhattisgarh,2021-2022,22.9,8.9,40.9,2.9,3.0,3.1500000000000004,2.4,1.2,4.9,2.1
Odisha,2022-2023,43.2,6.1,12.5,3.3,10.3,5.8,9.3,6.4,3.6,6.6
Telangana,2018-2019,50.6,8.2,15.2,7.3,3.2,8.6,3.9,9.6,7.7,8.2
Uttar Pradesh,2022-2023,33.2,21.6,78.8,1.9,5.6,1.7,6.0,5.6,4.2,5.7
Kerala,2015-2016,14.7,10.0,78.1,0.9,1.4,3.2,3.5,1.4,2.7,1.1
Madhya Pradesh,2022-2023,11.1,10.4,29.4,1.9,2.2,3.1500000000000004,2.3,2.1,3.1,0.8
Punjab,2020-2021,50.3,23.6,44.6,10.9,10.0,3.1,4.2,3.1,6.5,5.5
Maharashtra,2023-2024,41.3,19.5,49.4,6.8,8.8,2.9,9.0,2.7,5.7,3.2
Punjab,2015-2016,15.9,10.8,72.8,1.3,3.0,2.4,2.6,1.5,2.8,1.4
Karnataka,2022-2023,34.5,10.4,5.8,4.5,5.7,3.4,5.5,4.1,4.5,5.5
Assam,2020-2021,4.7,2.8,57.3,3.3,1.0,0.9,0.7,0.2,0.4,0.8
Haryana,2017-2018,32.6,27.2,87.5,3.5,6.6,6.4,2.0,2.9,6.3,4.4
Kerala,2019-2020,42.5,4.9,12.1,9.3,5.8,3.1500000000000004,4.0,6.1,5.9,4.5
Kerala,2015-2016,37.7,2.2,6.0,2.5,4.1,2.8,6.2,5.1,7.9,7.5
Assam,2015-2016,22.5,16.8,78.5,1.1,3.3,2.7,2.9,3.1,4.0,3.9
Goa,2018-2019,34.4,16.9,42.0,10.2,9.8,3.4,6.5,2.8,2.5,3.2
Telangana,2017-2018,6.9,10.4,22.2,1.9,0.9,0.6,0.5,1.6,1.1,0.6
Bihar,2019-2020,21.0,12.3,56.7,1.2,2.6,1.8,4.7,4.0,2.0,3.8
Tamil Nadu,2018-2019,25.6,14.8,69.3,4.9,1.6,3.5,1.6,3.5,3.1,2.6
Maharashtra,Unknown,3.9,3.0,74.5,0.4,0.7,0.6,0.8,0.4,0.7,0.7
Rajasthan,2018-2019,33.3,25.9,82.4,2.1,5.6,5.2,6.7,2.8,5.8,3.3
West Bengal,2018-2019,50.3,33.5,70.1,2.9,10.3,3.1500000000000004,4.1,3.1,4.8,10.6
Maharashtra,2020-2021,40.8,10.4,6.1,5.2,3.8,3.5,9.3,5.6,5.1,6.2
Goa,2017-2018,27.0,8.2,28.5,3.4,6.4,2.3,5.6,1.9,4.0,5.6
Bihar,2017-2018,45.3,42.1,100.6,4.7,3.8,11.1,5.6,3.6,6.3,7.5
Delhi,2021-2022,8.6,6.1,79.8,0.7,1.1,0.9,2.0,0.8,1.5,1.1
Kerala,2021-2022,27.6,9.6,37.4,1.7,5.3,3.1500000000000004,1.7,3.8,5.3,6.3
Telangana,2017-2018,24.3,9.3,37.7,1.9,1.3,3.1500000000000004,5.3,4.3,3.3,3.9
Madhya Pradesh,2017-2018,7.0,3.3,40.8,1.3,1.2,1.3,1.2,1.2,0.9,0.6
Rajasthan,2018-2019,28.4,8.5,31.5,2.2,2.2,5.9,4.1,4.2,4.1,3.9
Madhya Pradesh,2019-2020,13.4,10.4,80.4,1.1,2.2,1.4,1.8,2.5,3.1,2.7
Jharkhand,2019-2020,50.9,19.3,40.3,5.2,6.9,5.6,7.5,4.1,9.7,9.4
Madhya Pradesh,2019-2020,8.2,4.2,52.9,0.7,0.5,2.6,0.6,1.0,1.7,1.6
Maharashtra,2016-2017,29.7,11.2,38.9,3.1,5.0,6.3,2.0,4.1,2.7,5.7
Jharkhand,2023-2024,10.9,6.2,59.4,2.3,2.3,0.7,1.1,2.1,0.8,1.1
Karnataka,2024-2025,53.1,34.6,70.3,9.0,5.8,5.6,3.0,5.7,11.3,8.8
West Bengal,2023-2024,50.8,48.6,91.1,5.1,9.7,9.7,4.7,4.4,8.6,6.3
Karnataka,2021-2022,9.9,10.8,94.0,2.0,0.5,1.3,2.3,1.0,1.6,1.7
Telangana,2022-2023,12.9,11.5,92.5,3.3,1.2,1.4,2.4,1.1,2.0,1.6
Assam,2015-2016,37.5,28.9,82.9,3.2,1.9,8.0,7.5,4.4,4.4,4.7
Assam,2019-2020,21.4,5.4,52.75,3.6,4.2,1.1,3.2,2.3,4.2,2.6
Andhra Pradesh,2023-2024,18.4,10.4,52.9,1.6,3.5,4.0,2.4,2.7,2.0,3.5
Rajasthan,2018-2019,25.6,14.3,31.3,8.0,9.7,7.1,4.3,3.2,7.9,4.3
Gujarat,2023-2024,45.3,24.9,51.8,9.2,3.3,5.1,10.3,7.0,6.6,3.2
Punjab,2019-2020,51.1,44.6,89.7,5.1,9.7,11.6,6.9,5.1,4.7,5.1
Haryana,2022-2023,7.7,0.6,7.8,1.3,0.6,0.7,1.4,0.8,1.5,1.2
Kerala,2020-2021,4.8,3.1,66.5,0.8,0.5,0.6,0.2,0.9,0.9,3.2
Tamil Nadu,2020-2021,43.1,23.3,54.9,4.3,3.3,3.4,7.9,5.5,6.8,6.5
West Bengal,2018-2019,3.8,1.8,49.7,0.7,3.3,0.3,0.5,0.5,0.8,0.6
Madhya Pradesh,2023-2024,7.4,2.7,38.5,0.5,0.8,1.2,1.1,1.3,1.4,0.6
Jharkhand,2019-2020,25.6,11.2,27.7,4.0,6.5,6.1,6.2,4.8,3.8,6.5
Punjab,2020-2021,28.1,1.4,5.7,3.8,2.1,2.2,4.0,6.7,3.1,5.0
Delhi,2023-2024,23.7,6.3,28.0,5.0,3.2,4.8,1.4,2.8,5.3,2.2
Telangana,2024-2025,25.2,16.7,69.7,4.0,4.4,3.3,4.0,3.5,3.1,2.0
Chhattisgarh,2020-2021,9.2,9.3,104.1,0.6,2.7,1.6,2.2,0.7,1.3,0.7
Uttar Pradesh,2021-2022,4.1,0.6,16.7,0.6,0.5,0.3,0.8,0.3,0.7,0.6
Punjab,2021-2022,40.2,11.1,29.1,7.3,7.3,1.7,6.6,4.7,7.0,3.5
Telangana,2021-2022,43.7,35.2,52.75,3.3,4.4,2.6,3.4,3.5,10.4,8.5
Andhra Pradesh,2018-2019,29.2,26.7,87.2,1.5,5.4,4.1,4.9,6.5,2.6,6.9
Haryana,2016-2017,5.8,2.4,37.1,1.4,1.4,0.4,0.5,3.1,0.4,3.2
Delhi,2016-2017,32.5,23.6,75.9,3.3,2.0,3.0,6.6,4.2,6.3,8.1
Goa,2024-2025,44.1,25.4,61.5,9.5,5.9,3.8,5.2,6.1,6.2,8.5
Chhattisgarh,2024-2025,5.6,1.1,20.3,3.3,0.9,0.4,1.2,0.4,1.1,0.8
Jharkhand,2020-2021,16.9,3.0,15.1,3.3,1.8,4.9,1.2,3.3,2.7,1.3
Delhi,Unknown,3.1,1.0,33.2,0.2,0.7,0.2,0.4,0.4,0.6,0.6
Tamil Nadu,2016-2017,25.6,37.4,81.4,4.6,4.0,9.8,7.5,3.1,3.1,9.9
West Bengal,2015-2016,28.6,17.9,59.7,3.4,1.6,5.4,5.1,4.0,4.4,5.5
Maharashtra,2022-2023,32.3,19.3,62.5,6.9,5.6,3.9,3.6,3.1,3.0,3.5
Unknown,2016-2017,12.6,12.0,99.5,1.5,3.3,1.1,2.6,0.9,2.4,1.6
Unknown,2023-2024,46.7,30.4,61.6,6.2,6.8,6.5,7.7,7.9,8.8,4.7
Maharashtra,2019-2020,48.6,45.6,93.2,2.5,7.9,9.7,6.1,5.6,3.9,7.6
Kerala,2016-2017,34.1,10.4,53.5,4.4,6.8,3.6,3.9,6.9,5.2,4.2
Rajasthan,2020-2021,27.2,8.7,30.0,6.4,6.3,4.2,3.3,2.5,1.8,5.3
Unknown,2017-2018,38.6,26.0,56.6,7.4,3.5,1.9,6.8,6.8,6.8,8.2
Madhya Pradesh,2024-2025,14.4,13.6,86.2,3.1,2.1,2.7,0.9,2.5,2.4,1.9
Goa,2021-2022,45.1,1.1,2.9,9.6,7.2,4.2,9.7,4.8,2.6,5.4
Jharkhand,2020-2021,43.6,24.1,51.9,3.7,6.6,6.6,6.8,5.7,6.4,6.9
Kerala,2016-2017,25.6,10.4,5.9,3.6,2.2,3.0,3.6,2.6,2.7,3.0
Haryana,2018-2019,26.5,12.8,45.2,3.4,4.4,5.6,3.1,1.9,6.2,3.2
Gujarat,2016-2017,39.4,2.9,7.8,3.7,2.4,3.1500000000000004,2.4,7.7,5.6,8.4
Bihar,2017-2018,10.8,6.0,48.8,0.9,1.2,2.7,2.0,0.7,2.6,1.3
Assam,2016-2017,46.6,40.0,99.9,3.2,4.0,7.5,4.3,3.1,7.8,9.9
Delhi,2020-2021,20.6,2.4,12.0,3.3,1.6,4.0,2.9,3.9,1.0,4.2
Kerala,2021-2022,15.3,7.4,43.3,1.6,2.7,2.6,3.7,1.1,1.3,3.1
Telangana,2023-2024,3.9,2.9,77.4,0.6,0.6,0.7,0.5,0.8,0.7,0.4
Maharashtra,2015-2016,29.8,8.7,25.2,3.6,5.5,4.8,4.5,5.6,4.2,2.5
Andhra Pradesh,2018-2019,26.2,12.1,51.8,1.3,3.8,4.7,2.1,3.1,3.4,5.8
Assam,2020-2021,3.9,2.8,68.2,0.3,3.3,0.3,0.9,0.6,0.9,0.3
Maharashtra,2021-2022,11.0,5.1,49.6,3.3,2.7,1.4,2.7,1.3,1.4,1.4
Tamil Nadu,2018-2019,35.1,38.6,95.1,5.0,6.3,3.6,7.5,2.2,6.4,5.2
Assam,2022-2023,28.3,4.1,13.7,5.6,5.2,4.7,2.8,1.9,3.8,3.7
Goa,2015-2016,22.2,16.9,80.4,1.3,2.9,3.9,3.4,2.3,3.1,3.2
Punjab,2022-2023,42.4,6.7,14.6,2.6,7.1,4.6,2.7,11.5,3.1,9.1
Gujarat,2023-2024,18.0,5.0,30.5,3.2,3.6,1.0,2.8,2.6,1.4,4.3
Maharashtra,2020-2021,30.1,13.2,46.5,2.9,5.8,6.1,1.9,3.9,4.7,3.2
Telangana,2024-2025,7.4,5.9,81.3,0.6,1.0,1.8,1.2,1.0,0.6,0.7
Delhi,2023-2024,25.6,3.2,41.7,1.4,0.7,1.3,1.1,1.2,1.4,1.6
Punjab,2022-2023,14.6,7.4,52.75,1.1,1.7,2.2,1.8,3.1,1.1,3.5
Kerala,2018-2019,13.3,10.7,76.5,1.2,1.3,1.1,1.6,3.1,3.2,2.9
Delhi,2015-2016,22.0,3.3,16.5,3.2,1.5,3.5,5.1,4.8,2.3,2.1
Uttar Pradesh,2019-2020,18.5,13.6,85.8,1.8,1.8,2.8,2.9,1.2,3.0,3.5
Punjab,2024-2025,43.6,32.0,69.6,5.4,3.3,9.8,3.1,8.8,4.8,5.5
Kerala,2017-2018,28.7,1.6,5.6,5.9,5.4,2.0,3.2,6.9,2.8,3.2
Punjab,2021-2022,23.2,19.6,81.8,4.0,3.5,3.0,1.6,3.6,2.2,4.1
Maharashtra,2021-2022,34.1,32.1,91.0,2.5,3.9,4.7,3.2,5.3,6.7,5.5
Punjab,2021-2022,11.9,2.4,21.2,1.0,0.8,0.8,2.0,3.1,3.1,1.5
Assam,2017-2018,32.9,18.9,54.5,3.3,3.3,5.3,4.3,4.3,6.5,5.1
Odisha,2016-2017,16.8,11.3,70.0,0.9,2.4,1.7,2.8,2.6,3.1,3.2
Chhattisgarh,2023-2024,31.2,21.3,67.6,6.3,4.7,5.4,2.7,4.2,5.3,2.8
Goa,2017-2018,50.8,13.5,30.9,8.6,10.2,7.0,7.1,5.6,5.8,4.8
West Bengal,2022-2023,19.1,3.9,22.7,2.6,3.2,2.1,1.2,4.8,2.4,2.3
Goa,2023-2024,30.9,0.8,2.3,3.3,7.6,6.5,3.0,1.9,3.5,3.7
Odisha,2021-2022,19.3,15.7,71.2,2.8,3.1,4.1,1.4,3.1,1.8,4.1
Chhattisgarh,2023-2024,26.6,22.8,70.7,3.3,4.9,3.3,4.1,5.3,4.8,3.9
Goa,2018-2019,25.6,3.7,32.5,2.5,0.8,1.9,2.5,1.1,1.9,0.9
Delhi,2015-2016,21.7,5.6,24.1,1.1,2.0,4.5,4.0,1.9,4.0,3.5
Unknown,Unknown,46.0,10.3,21.4,2.3,10.7,4.5,11.0,10.6,8.3,2.1
West Bengal,2019-2020,38.8,19.2,43.2,5.4,7.2,4.7,6.0,7.0,4.7,5.4
Kerala,2023-2024,33.1,3.5,10.3,3.3,5.1,6.5,2.9,3.7,7.5,4.0
Telangana,Unknown,26.2,8.7,34.0,2.4,3.9,5.3,5.2,1.5,3.1,2.3
Haryana,2015-2016,23.1,0.6,2.3,3.7,5.1,3.6,1.2,2.5,3.6,4.4
Maharashtra,2020-2021,25.6,4.1,18.5,4.0,2.5,3.8,1.0,3.6,2.0,4.1
Uttar Pradesh,2019-2020,13.1,0.5,52.75,0.8,2.4,2.9,1.8,0.8,1.3,2.3
Kerala,2023-2024,18.4,7.9,41.4,3.4,3.3,2.3,1.4,2.2,3.7,3.2
Goa,2020-2021,42.8,20.9,46.1,6.0,6.7,6.0,8.9,2.6,6.8,3.1
Odisha,2021-2022,6.1,4.1,73.2,1.1,0.6,1.0,1.1,0.6,1.1,0.3
Uttar Pradesh,2016-2017,20.1,13.4,77.3,3.1,1.2,3.7,3.2,1.6,2.3,3.6
Delhi,2024-2025,7.4,7.9,94.9,1.1,1.3,1.3,1.5,1.2,0.8,0.4
Andhra Pradesh,2016-2017,9.4,0.8,7.1,1.5,0.7,1.3,1.6,2.2,2.0,0.9
Goa,2018-2019,25.6,1.3,58.1,0.1,0.5,0.1,0.4,0.3,0.4,0.2
Rajasthan,2016-2017,25.6,5.5,38.7,1.0,2.3,1.1,2.4,2.9,3.1,2.7
Odisha,2023-2024,3.3,3.0,83.1,0.4,0.4,0.4,0.5,0.6,3.1,0.3
Jharkhand,2018-2019,27.0,18.4,70.7,2.5,4.2,4.2,1.9,4.6,2.6,5.4
Unknown,2017-2018,27.0,12.8,49.2,4.2,6.0,4.5,2.2,2.4,3.1,3.7
Haryana,2023-2024,32.8,8.4,24.1,8.5,7.1,1.8,3.5,3.4,2.3,5.2
Bihar,Unknown,36.8,13.6,39.7,6.4,5.1,4.5,6.1,2.1,7.1,3.2
Madhya Pradesh,2018-2019,10.7,1.6,15.7,1.6,1.1,1.2,0.6,1.6,2.0,2.0
Rajasthan,2024-2025,9.0,4.9,49.9,1.4,0.7,1.0,2.5,1.2,1.7,1.0
Maharashtra,2022-2023,35.2,12.7,34.0,5.0,5.1,5.7,1.6,5.5,3.1,5.6
Goa,2022-2023,21.7,14.3,67.7,3.3,1.5,1.7,2.8,2.8,3.8,4.4
West Bengal,2016-2017,5.9,1.3,52.75,0.3,1.4,0.4,1.5,0.7,3.1,0.9
Tamil Nadu,2020-2021,33.6,3.2,9.2,4.4,6.4,4.4,6.0,3.7,4.9,3.2
Tamil Nadu,2016-2017,19.2,10.9,64.1,2.6,2.4,1.6,3.2,3.3,1.7,3.6
Andhra Pradesh,2018-2019,37.5,38.7,100.5,7.0,4.5,3.7,3.1,8.8,2.0,8.2
Chhattisgarh,2018-2019,35.6,32.6,96.4,6.4,3.3,4.0,7.7,4.2,2.8,6.7
Jharkhand,2015-2016,45.4,26.7,52.75,5.3,7.1,3.1500000000000004,7.9,5.3,3.1,10.8
Haryana,2024-2025,13.1,3.5,25.0,1.9,1.5,2.1,3.0,2.1,2.6,1.3
West Bengal,2023-2024,40.3,36.5,94.9,7.5,6.1,5.7,3.2,2.4,5.6,7.3
Kerala,2018-2019,8.1,5.4,77.9,1.4,1.2,1.0,0.7,1.2,1.3,1.2
Rajasthan,2018-2019,29.0,3.5,12.6,3.0,6.5,7.3,3.7,6.0,2.0,1.7
Maharashtra,2019-2020,40.4,28.5,81.6,4.2,5.3,6.4,2.8,6.2,9.2,4.6
Gujarat,2017-2018,9.2,7.7,86.6,1.6,0.7,0.8,1.2,1.8,3.1,0.9
West Bengal,2018-2019,27.9,20.6,64.0,7.5,1.6,1.6,3.2,4.8,5.2,1.6
Uttar Pradesh,2023-2024,41.1,5.9,14.9,3.2,5.9,9.4,6.2,4.9,6.4,7.5
Rajasthan,2022-2023,25.6,12.2,56.3,3.6,4.2,1.5,3.5,3.5,4.5,2.1
Jharkhand,2016-2017,9.6,10.3,94.5,0.9,2.0,1.2,1.9,1.5,1.0,1.4
Delhi,2015-2016,40.6,1.1,3.3,7.9,2.8,6.6,3.2,4.0,3.1,7.0
Rajasthan,2017-2018,50.7,43.9,91.3,4.4,6.3,3.9,10.6,3.1,3.1,11.2
Rajasthan,2017-2018,15.5,10.4,84.4,1.7,1.9,1.1,1.7,2.6,2.3,3.0
Uttar Pradesh,2023-2024,15.8,9.2,68.4,3.3,3.1,2.3,2.2,2.4,1.1,2.0
West Bengal,2015-2016,23.5,19.3,79.9,2.2,4.5,1.3,5.0,4.4,3.1,3.4
Goa,2021-2022,5.8,1.9,29.8,0.5,0.7,1.5,1.2,0.6,0.9,0.7
Goa,2017-2018,3.9,2.1,56.5,0.7,3.3,0.4,0.7,0.7,0.5,0.4
Odisha,2022-2023,3.4,2.5,80.3,0.6,0.2,0.4,0.6,0.6,0.2,0.5
Tamil Nadu,2017-2018,40.4,29.0,77.6,9.1,4.6,3.9,4.0,3.1,9.2,5.1
Odisha,2016-2017,6.1,10.4,85.4,0.9,1.1,0.4,1.0,1.2,0.8,1.1
Kerala,2022-2023,18.5,2.4,14.1,3.4,3.6,4.2,2.2,1.1,2.0,1.4
Punjab,2024-2025,41.1,33.2,77.0,2.8,3.3,9.3,8.9,8.5,7.6,3.5
Chhattisgarh,2022-2023,38.9,30.1,78.6,7.0,8.3,7.0,5.1,2.1,5.2,7.7
Delhi,2020-2021,31.5,10.4,45.3,6.1,5.0,4.4,4.0,3.1,2.6,7.2
Haryana,2016-2017,45.4,39.6,52.75,8.7,11.3,3.4,6.5,6.8,9.0,3.1
Rajasthan,2015-2016,20.6,16.3,82.7,3.9,1.2,4.0,1.8,4.6,2.6,2.3
Odisha,2016-2017,24.9,5.4,18.6,4.7,5.6,2.1,4.2,2.1,1.7,5.2
West Bengal,2022-2023,41.0,10.6,26.8,3.9,4.9,6.1,3.8,7.4,6.7,7.2
Rajasthan,2024-2025,17.8,18.0,93.7,4.4,3.2,1.1,1.1,3.5,1.7,3.9
Delhi,2018-2019,38.0,6.9,17.3,6.1,5.8,8.1,3.3,8.4,3.9,4.4
Rajasthan,2021-2022,15.1,12.1,88.0,2.1,1.8,3.1,3.2,3.1,2.1,3.1
Tamil Nadu,2020-2021,11.9,1.4,12.0,0.6,1.1,2.6,2.6,2.1,1.8,1.0
Assam,2022-2023,6.9,10.4,11.1,1.2,0.7,1.8,0.8,3.1,0.8,1.1
Bihar,2017-2018,27.6,18.1,56.2,5.0,4.4,1.4,5.4,4.8,4.5,3.2
Karnataka,2019-2020,6.7,5.9,83.1,0.8,1.0,0.6,1.2,0.6,1.4,1.9
Chhattisgarh,2023-2024,11.5,5.2,44.0,2.4,1.1,1.3,1.0,2.3,2.0,1.9
Kerala,2023-2024,28.3,20.1,67.1,6.7,7.2,4.5,4.9,1.9,2.5,2.7
Delhi,2023-2024,26.5,6.8,24.4,2.7,5.0,3.5,2.1,3.1,3.7,4.1
Andhra Pradesh,2016-2017,43.0,4.0,8.0,3.3,8.9,5.8,2.6,7.9,7.2,5.3
Unknown,2016-2017,10.4,0.8,8.6,2.3,1.3,0.7,1.3,1.9,1.6,0.9
Karnataka,2016-2017,25.6,5.8,84.5,0.9,0.3,1.0,3.2,1.5,0.6,1.6
Madhya Pradesh,2021-2022,10.7,7.8,75.1,1.4,1.8,2.3,1.5,0.7,1.3,1.1
Tamil Nadu,2023-2024,6.9,5.1,85.9,1.1,0.7,0.5,1.1,1.2,1.1,1.0
Chhattisgarh,2021-2022,13.5,12.9,88.4,1.2,2.3,1.0,2.2,2.8,2.7,1.8
Delhi,2023-2024,38.4,8.6,21.0,7.8,5.5,2.0,6.2,5.3,7.9,3.4
Andhra Pradesh,2022-2023,11.7,3.4,28.5,2.8,1.2,2.0,1.3,2.5,1.5,1.4
Tamil Nadu,Unknown,23.1,22.2,99.0,2.8,4.3,4.3,3.9,3.8,1.4,3.5
Delhi,2021-2022,47.5,38.8,76.0,4.6,6.0,7.1,4.1,7.4,8.7,6.7
Tamil Nadu,2020-2021,40.9,22.7,59.4,2.9,6.9,6.2,3.2,5.3,8.6,4.7
Gujarat,2023-2024,16.1,1.6,9.0,1.6,3.2,1.5,3.2,1.2,2.0,2.9
Tamil Nadu,2018-2019,36.4,21.1,62.7,2.8,5.5,3.1,2.1,8.0,7.3,8.6
Karnataka,2019-2020,43.0,21.6,52.75,7.3,9.1,5.3,3.9,4.7,9.5,7.7
Madhya Pradesh,2024-2025,3.9,2.2,59.4,0.5,0.7,0.4,0.7,0.3,0.9,0.7
Andhra Pradesh,2022-2023,3.3,3.0,85.9,0.3,0.3,0.3,0.8,1.0,3.1,3.2
Gujarat,2016-2017,8.3,0.6,7.7,0.8,1.3,0.6,2.0,1.7,1.0,0.7
Telangana,2015-2016,9.8,4.8,43.4,0.7,1.3,0.7,1.7,1.7,1.8,2.2
Odisha,2016-2017,6.2,4.2,64.2,1.6,0.4,3.1500000000000004,3.2,0.4,1.5,1.5
Chhattisgarh,2019-2020,28.0,7.9,33.1,6.6,4.0,3.5,1.7,6.3,1.8,2.1
Andhra Pradesh,2021-2022,13.7,13.1,96.8,2.5,1.9,2.9,2.2,1.6,1.6,2.1
Delhi,2017-2018,12.3,9.8,74.7,1.6,1.5,1.2,2.3,2.7,1.1,1.3
West Bengal,2024-2025,31.2,6.0,18.0,6.5,4.4,2.3,5.4,1.6,5.5,6.5
West Bengal,2022-2023,3.8,1.7,46.8,0.7,3.3,0.6,0.2,0.5,0.5,0.6
Kerala,2017-2018,25.5,14.1,52.3,2.3,3.5,2.8,3.4,4.6,5.7,5.4
Telangana,2016-2017,3.3,3.1,79.7,0.2,0.7,0.8,0.3,0.3,0.9,0.3
Telangana,2019-2020,9.1,2.8,29.0,0.7,2.2,0.6,2.2,0.6,1.6,1.9
Andhra Pradesh,2017-2018,40.6,9.6,27.6,7.8,7.7,3.9,9.7,2.9,1.9,6.0
Odisha,Unknown,9.4,3.6,46.0,0.9,1.6,1.5,2.2,0.6,0.8,3.2
Bihar,2017-2018,5.9,10.4,67.8,1.4,0.9,1.0,0.9,0.4,0.4,1.0
Delhi,2018-2019,45.3,4.4,10.4,7.8,4.4,6.8,3.8,6.1,8.1,4.9
Tamil Nadu,2022-2023,8.4,10.4,17.1,3.3,3.3,0.6,1.6,1.9,0.6,0.9
Rajasthan,2015-2016,21.3,20.3,79.3,3.7,1.9,2.9,4.7,1.8,5.0,3.2
Madhya Pradesh,2022-2023,28.3,0.6,2.2,4.9,2.5,5.9,3.2,3.2,4.7,3.2
Gujarat,2022-2023,45.1,18.3,44.9,7.8,9.9,4.8,3.9,7.3,3.1,3.7
West Bengal,2023-2024,18.8,18.6,93.5,3.7,3.2,1.3,3.8,1.2,3.0,2.0
Jharkhand,2023-2024,28.1,4.3,15.9,2.6,2.9,4.0,3.3,2.9,5.9,5.1
Rajasthan,2020-2021,34.7,9.0,26.5,6.5,2.0,3.0,8.8,3.0,2.9,3.2
Unknown,2018-2019,31.7,25.2,65.0,7.1,5.7,5.3,5.8,1.8,5.1,3.7
Punjab,2016-2017,28.8,1.4,4.5,6.8,6.2,5.9,3.5,1.8,1.8,2.5
Maharashtra,2023-2024,41.9,3.3,8.4,5.9,4.4,6.3,5.4,6.2,2.3,8.4
Unknown,2023-2024,46.9,29.4,53.4,4.3,6.9,3.1500000000000004,8.2,9.7,8.4,4.0
Maharashtra,2016-2017,37.9,20.5,59.0,4.0,3.7,4.0,3.6,9.9,10.4,4.0
Telangana,2020-2021,37.9,25.3,52.75,7.0,5.1,5.8,3.2,5.0,4.8,3.6
Uttar Pradesh,2018-2019,9.3,5.5,56.3,1.2,1.5,3.1500000000000004,2.4,1.1,1.5,0.9
Uttar Pradesh,2023-2024,17.7,13.6,81.3,2.3,2.4,2.8,1.6,2.6,3.0,2.3
Gujarat,2018-2019,15.7,2.3,12.6,1.6,3.6,1.7,1.8,3.8,1.0,3.2
Goa,2016-2017,52.3,44.0,98.1,7.6,2.2,8.9,9.9,3.9,7.7,3.2
Odisha,2018-2019,36.7,23.1,67.7,8.9,2.5,9.2,2.4,6.1,3.5,3.2
Madhya Pradesh,2017-2018,14.6,0.8,5.5,2.9,2.3,2.8,1.5,2.0,1.8,0.7
Maharashtra,2022-2023,5.9,1.2,21.0,0.4,1.0,1.0,1.0,0.6,0.6,1.1
Uttar Pradesh,2017-2018,17.7,5.0,33.6,1.3,3.7,1.6,1.6,3.6,2.0,2.4
Assam,2021-2022,41.9,18.5,42.5,8.8,3.0,5.3,5.1,7.5,7.1,6.5
Odisha,2023-2024,16.0,13.7,85.3,2.1,4.2,3.2,1.0,3.4,1.2,1.6
Unknown,2022-2023,3.9,2.1,50.8,1.2,0.4,3.1500000000000004,0.6,0.4,0.5,0.4
Karnataka,2018-2019,15.3,9.5,54.8,1.9,3.3,2.2,2.2,3.1,3.4,2.2
Odisha,2023-2024,10.4,1.9,18.7,1.8,2.3,1.5,1.5,1.1,1.0,1.6
Tamil Nadu,2019-2020,21.6,10.4,66.5,1.7,2.5,2.4,5.4,1.2,5.5,4.5
Unknown,2024-2025,41.4,10.4,38.5,6.3,5.7,4.6,8.3,8.5,8.9,2.1
Gujarat,2016-2017,15.1,14.5,101.1,2.0,2.6,3.0,2.5,1.3,2.2,2.2
Jharkhand,2016-2017,4.5,3.1,67.4,0.8,0.4,0.9,0.7,0.4,0.9,0.4
Punjab,2024-2025,21.4,3.1,15.1,4.5,1.8,2.6,3.2,1.9,3.8,1.7
Jharkhand,2021-2022,38.7,27.5,85.3,4.7,6.6,5.3,2.3,7.7,3.2,8.1
Madhya Pradesh,2016-2017,46.2,32.3,65.7,9.6,8.9,4.7,3.5,4.4,3.7,8.5
Punjab,2021-2022,46.3,24.4,58.4,3.3,7.7,3.7,5.3,6.7,8.8,6.3
Haryana,2021-2022,15.6,1.4,9.8,2.5,2.9,1.4,1.5,2.5,2.7,1.0
Uttar Pradesh,2016-2017,16.6,1.7,9.8,3.6,3.1,0.9,3.7,2.4,1.5,0.9
Karnataka,2021-2022,43.8,22.1,55.0,8.1,6.8,5.1,6.0,2.5,7.5,8.9
Bihar,2015-2016,44.5,8.0,18.9,2.5,2.7,8.5,6.5,11.2,6.1,8.7
Uttar Pradesh,2015-2016,14.2,2.1,14.4,1.7,1.6,2.9,2.2,3.1,0.6,3.2
Maharashtra,2022-2023,22.1,3.5,16.5,5.4,2.3,1.9,3.5,4.8,2.1,1.5
Punjab,2023-2024,17.0,14.1,89.1,3.3,1.0,4.2,3.3,1.9,2.1,1.7
Assam,2015-2016,39.9,26.6,70.2,6.3,3.4,4.2,3.0,3.1,7.4,4.3
Uttar Pradesh,Unknown,31.1,10.4,7.7,3.3,6.1,5.0,3.6,5.1,4.9,2.9
West Bengal,2020-2021,39.2,6.4,17.5,3.3,2.6,4.1,3.6,3.1,8.4,6.3
Odisha,2019-2020,21.1,6.8,36.9,3.6,2.8,3.5,1.8,2.8,2.5,3.1
Haryana,2015-2016,27.8,7.8,26.1,5.1,5.0,4.1,4.6,4.6,2.7,2.9
Madhya Pradesh,2022-2023,46.7,50.8,94.2,7.3,7.0,6.7,9.5,4.7,3.4,9.6
Tamil Nadu,2022-2023,23.7,15.9,71.8,4.8,1.3,3.8,3.5,3.1,2.7,3.3
Telangana,Unknown,19.0,9.5,51.2,3.5,4.0,1.9,4.2,1.2,2.5,1.1
Bihar,2019-2020,48.7,26.7,56.1,9.7,7.1,8.6,5.1,9.2,3.4,3.6
Delhi,2017-2018,2.5,1.7,65.2,0.2,0.4,0.4,0.6,0.2,0.5,0.3
Tamil Nadu,2024-2025,35.9,5.7,16.8,2.7,6.8,4.9,7.4,3.0,7.3,2.2
Gujarat,2017-2018,5.3,3.8,82.6,0.7,1.0,0.3,0.4,1.0,3.1,0.8
Chhattisgarh,2019-2020,25.5,9.4,39.8,2.3,4.6,2.3,3.9,4.9,3.9,3.9
Punjab,2020-2021,43.8,39.8,94.5,7.7,5.9,3.3,2.5,3.0,7.8,9.8
Jharkhand,2023-2024,23.5,20.8,85.0,3.5,1.5,5.2,2.0,2.9,4.0,4.4
Goa,2019-2020,6.7,10.4,66.0,0.9,0.7,0.9,1.0,1.4,1.2,1.1
Goa,2016-2017,25.6,26.1,79.7,3.5,4.6,1.9,4.4,3.4,3.1,6.8
Maharashtra,2019-2020,27.5,10.6,39.8,4.3,4.7,3.7,3.2,3.1,4.0,3.1
Madhya Pradesh,2019-2020,32.9,0.5,1.5,5.5,3.1,2.1,6.5,5.0,2.4,9.3
Odisha,2019-2020,12.8,9.2,64.5,2.0,2.3,2.4,1.8,1.8,1.6,1.3
Karnataka,2019-2020,25.6,9.3,26.8,3.4,4.7,7.2,7.0,3.2,1.8,7.1
Telangana,2022-2023,3.6,1.9,54.1,0.4,0.5,0.7,0.5,0.3,0.7,0.2
Odisha,2020-2021,42.1,40.9,91.1,5.7,6.0,3.1500000000000004,4.8,4.0,7.0,10.0
Delhi,2018-2019,38.2,27.5,66.4,3.4,5.5,6.4,2.1,3.1,2.4,7.8
West Bengal,2019-2020,11.8,4.0,35.5,1.6,1.6,2.1,0.8,1.7,2.5,1.7
Telangana,2022-2023,41.8,5.9,12.0,11.0,10.2,2.8,4.4,3.6,6.1,7.2
Maharashtra,2018-2019,32.5,22.0,70.6,6.7,3.9,3.6,7.3,2.0,4.2,2.6
Tamil Nadu,Unknown,17.2,4.1,22.3,2.9,3.8,2.5,2.3,1.5,2.1,3.8
Telangana,2020-2021,45.3,5.1,11.9,4.9,5.2,11.1,9.0,5.1,4.7,9.2
Maharashtra,2015-2016,19.6,13.8,81.1,1.7,2.9,2.1,3.4,3.0,2.3,3.6
Punjab,2023-2024,15.4,1.4,10.9,1.4,3.0,2.3,1.9,2.2,1.5,2.7
Delhi,2016-2017,46.3,0.7,1.5,3.3,5.1,8.0,10.4,3.7,6.7,6.8
Assam,2021-2022,25.6,31.7,66.2,10.3,4.0,10.6,9.3,5.1,3.2,5.1
Goa,2021-2022,46.6,18.6,35.3,5.8,5.1,3.4,12.4,7.5,4.3,10.9
Jharkhand,2019-2020,42.9,23.2,52.0,7.8,5.6,2.7,7.1,5.7,4.7,8.1
Tamil Nadu,2024-2025,2.9,1.4,45.9,0.2,0.6,0.6,0.3,0.5,0.3,0.3
Odisha,2016-2017,6.3,3.9,52.75,0.7,1.2,1.3,1.3,0.4,0.9,0.9
Rajasthan,2017-2018,29.9,11.5,39.1,2.1,5.5,2.6,4.7,3.2,5.1,5.0
Odisha,2015-2016,44.7,27.8,52.75,5.1,10.9,2.8,6.1,6.3,7.5,5.7
Goa,2019-2020,16.2,6.5,41.6,3.2,1.4,3.5,2.7,2.2,2.6,1.1
Andhra Pradesh,2018-2019,32.9,11.5,37.4,7.4,4.8,1.9,3.3,7.6,3.0,4.0
Haryana,2023-2024,9.6,10.4,14.7,1.2,1.8,2.0,0.6,0.6,2.0,1.2
Karnataka,2021-2022,28.8,12.8,50.8,4.4,2.2,3.1500000000000004,2.3,4.7,1.6,6.8
Tamil Nadu,2019-2020,22.2,6.7,26.0,2.1,1.9,2.3,4.5,4.5,3.9,3.8
Haryana,2022-2023,3.7,2.8,79.8,0.4,0.6,0.7,0.4,0.3,0.5,0.4
Tamil Nadu,2015-2016,11.9,6.9,55.0,0.9,2.4,1.2,1.1,1.0,3.1,3.4
Tamil Nadu,2017-2018,50.0,28.2,57.7,8.3,8.3,6.4,4.3,3.1,4.2,3.2
Maharashtra,2021-2022,3.9,1.3,29.6,0.6,0.5,0.5,0.6,0.8,0.3,0.7
Maharashtra,2017-2018,48.4,12.3,26.8,5.7,11.7,3.1500000000000004,2.2,6.6,7.9,5.3
Kerala,2015-2016,28.4,9.0,30.0,2.9,5.9,3.1500000000000004,2.7,4.5,3.1,1.6
Telangana,Unknown,41.2,10.9,24.8,5.9,2.6,5.9,3.2,7.5,7.8,4.9
Tamil Nadu,2021-2022,24.1,0.8,3.1,4.3,2.5,2.7,3.3,5.1,2.6,4.7
Gujarat,2021-2022,28.7,2.8,10.3,5.6,4.5,3.4,2.3,3.5,4.0,4.1
Goa,2016-2017,11.2,5.0,41.2,1.3,2.5,0.6,2.8,2.1,0.9,1.7
Madhya Pradesh,2020-2021,8.9,8.2,100.6,2.1,1.8,0.8,1.9,0.6,0.5,1.6
Assam,2024-2025,17.8,15.2,75.8,4.6,1.5,1.2,4.2,1.6,3.0,1.8
Chhattisgarh,2024-2025,32.6,30.3,88.8,4.9,2.4,4.7,3.2,3.8,8.1,5.5
West Bengal,2018-2019,20.1,12.2,51.5,2.6,3.3,3.1,4.1,3.3,3.3,3.2
Rajasthan,2018-2019,25.4,3.1,10.2,2.0,3.3,3.4,5.9,3.8,6.1,3.2
Tamil Nadu,2021-2022,34.1,12.6,35.3,3.4,6.6,3.2,5.1,1.5,5.4,5.6
Andhra Pradesh,2022-2023,23.5,9.0,46.0,1.8,4.2,3.3,3.2,4.6,1.5,3.7
Telangana,2022-2023,12.5,8.8,75.7,1.7,1.1,1.8,1.4,2.3,2.1,2.4
Assam,2021-2022,42.9,36.3,90.2,3.4,3.9,8.8,6.7,4.7,7.1,8.4
Maharashtra,2024-2025,24.9,23.0,88.5,2.1,1.2,4.3,4.5,2.6,3.3,5.6
Goa,2022-2023,45.1,22.3,47.3,8.6,4.5,4.8,8.7,7.5,5.3,2.0
Karnataka,2016-2017,16.9,4.6,52.75,3.1,2.5,1.4,2.3,2.3,3.1,1.1
Rajasthan,Unknown,13.1,2.9,25.1,2.5,0.9,0.8,2.1,1.0,1.8,3.2
Uttar Pradesh,2019-2020,26.7,17.0,69.0,1.6,1.3,2.9,3.1,3.2,6.9,6.5
Chhattisgarh,2015-2016,5.1,3.0,50.3,0.7,0.6,0.5,0.4,0.6,1.6,1.1
Karnataka,2020-2021,25.6,12.0,68.1,3.0,3.2,2.8,3.0,1.1,2.9,1.3
Chhattisgarh,2024-2025,29.5,3.7,11.6,1.9,2.9,3.1500000000000004,3.5,3.8,6.1,2.8
Madhya Pradesh,2022-2023,32.5,21.4,69.1,3.3,2.5,2.6,5.0,6.1,3.1,8.2
Unknown,2019-2020,41.4,3.2,8.5,8.0,5.3,4.4,10.4,3.0,3.1,3.8
Rajasthan,2024-2025,25.6,31.7,95.2,7.7,3.6,2.7,6.3,5.3,6.9,5.5
Punjab,2024-2025,46.4,45.9,101.1,6.4,7.5,8.4,4.0,3.8,4.1,9.5
Gujarat,2018-2019,44.0,37.7,88.2,9.1,4.6,3.1500000000000004,3.5,4.8,10.0,4.3
Chhattisgarh,2021-2022,11.5,5.6,49.6,0.6,2.3,3.0,1.3,1.6,1.1,1.3
Rajasthan,2021-2022,25.6,21.0,46.6,3.3,12.0,8.6,4.2,6.2,4.0,5.3
Chhattisgarh,2015-2016,33.2,23.6,67.2,6.2,1.9,7.8,6.7,3.6,2.9,5.5
Assam,2020-2021,34.6,19.3,59.1,6.4,4.4,2.7,7.8,7.9,3.4,2.9
West Bengal,2021-2022,25.6,33.0,73.4,8.1,2.9,8.1,3.2,5.5,4.0,4.4
Odisha,2024-2025,26.6,8.0,30.0,1.7,4.3,5.0,3.8,4.4,5.5,4.1
Punjab,2020-2021,10.5,5.1,50.0,1.9,2.0,1.6,1.2,2.4,0.9,0.5
Kerala,2020-2021,31.1,7.1,23.8,4.1,3.7,2.1,3.1,6.3,5.7,6.4
West Bengal,2021-2022,42.4,43.2,88.3,7.3,4.8,4.9,5.0,9.5,3.1,9.4
Andhra Pradesh,2019-2020,19.8,4.4,26.2,1.0,3.6,3.8,2.0,2.5,2.3,3.3
Karnataka,2020-2021,51.8,24.4,49.8,9.7,7.6,8.3,3.2,8.7,7.4,2.3
Kerala,2020-2021,42.3,8.5,19.4,4.0,6.4,5.6,8.1,9.4,2.1,4.4
Tamil Nadu,2023-2024,15.6,7.8,51.8,2.4,2.1,2.0,1.9,2.7,1.5,1.9
Haryana,2019-2020,36.3,6.4,17.0,6.1,7.1,4.0,5.4,2.3,4.3,5.6
Kerala,2023-2024,43.9,9.8,20.9,10.3,9.7,4.1,7.4,3.9,2.6,4.9
Haryana,2023-2024,17.1,11.7,69.8,2.3,2.0,3.3,3.3,3.5,0.9,3.6
Uttar Pradesh,2016-2017,25.6,20.6,85.6,3.9,2.4,3.1500000000000004,3.9,4.3,4.1,1.9
Goa,2023-2024,30.3,27.7,87.8,5.9,5.0,5.1,6.4,2.4,3.6,3.4
Tamil Nadu,2016-2017,47.6,10.8,23.8,3.5,9.9,4.6,6.7,7.2,6.4,10.1
Tamil Nadu,Unknown,22.0,9.2,39.8,2.3,3.8,4.0,3.2,5.6,1.3,3.1
Delhi,2019-2020,23.4,7.7,31.2,1.6,7.0,2.9,1.5,3.4,5.7,1.9
Odisha,2016-2017,39.5,20.6,55.1,2.2,4.4,8.2,4.0,5.5,7.0,6.5
Punjab,2018-2019,6.5,1.3,22.4,0.9,1.0,0.6,0.8,0.8,1.0,0.9
Kerala,2020-2021,9.6,7.8,69.0,1.9,1.8,1.2,2.0,0.9,3.1,1.7
Tamil Nadu,2022-2023,45.1,7.9,16.5,8.9,6.2,3.1500000000000004,11.0,3.4,8.4,2.6
Delhi,2023-2024,29.2,11.2,40.3,4.9,3.4,4.0,4.3,4.1,3.1,3.8
Andhra Pradesh,2019-2020,37.2,17.2,44.1,8.6,5.4,3.4,3.2,7.3,2.3,7.8
Chhattisgarh,2022-2023,15.0,6.4,49.6,1.9,0.8,2.4,1.4,2.7,2.7,2.5
Assam,2018-2019,19.3,2.3,12.6,3.0,3.9,2.7,1.2,5.5,1.9,2.3
Andhra Pradesh,2020-2021,25.6,15.4,32.9,6.1,2.4,3.2,10.3,10.3,10.3,3.2
Odisha,2024-2025,33.9,26.2,74.6,3.6,5.2,3.5,8.5,2.6,7.1,4.8
Chhattisgarh,2023-2024,33.5,4.9,14.0,3.2,6.1,6.3,4.4,7.4,2.0,7.1
Karnataka,2017-2018,34.1,21.7,73.6,6.1,2.9,6.0,4.3,4.9,6.1,2.5
Gujarat,2020-2021,35.5,23.9,66.6,3.8,6.4,2.4,6.8,7.0,5.2,2.2
Telangana,2015-2016,32.4,32.2,102.3,2.5,5.8,5.3,3.2,5.5,1.8,6.4
Maharashtra,2016-2017,29.5,20.9,76.4,6.4,3.8,1.3,3.3,6.0,5.8,4.2
Bihar,2018-2019,42.9,8.6,23.1,8.3,5.2,5.4,4.6,7.4,3.6,6.9
Unknown,2019-2020,9.8,5.2,55.2,1.0,1.2,1.1,1.3,2.9,2.0,0.8
Madhya Pradesh,2015-2016,25.6,2.1,23.8,1.9,1.6,3.1500000000000004,0.7,1.1,1.2,1.2
Delhi,2019-2020,4.1,2.4,67.9,0.5,0.2,3.1500000000000004,0.5,3.1,0.5,0.7
Gujarat,2015-2016,43.8,40.3,52.75,2.1,3.3,3.0,5.5,5.7,8.1,7.3
Delhi,2021-2022,50.1,23.0,47.2,7.6,8.2,3.5,6.9,6.8,7.1,8.0
Rajasthan,2022-2023,44.6,7.0,18.2,6.0,6.9,5.2,2.5,8.3,3.1,9.3
Uttar Pradesh,2023-2024,41.9,25.5,53.7,4.9,10.3,3.5,2.6,10.4,5.7,7.1
Haryana,2024-2025,16.7,11.6,70.2,2.9,3.0,0.8,3.5,1.1,3.3,1.5
Karnataka,2020-2021,11.7,8.2,65.4,0.8,1.5,2.9,3.2,1.3,3.1,2.1
Tamil Nadu,2020-2021,42.3,31.3,71.7,6.7,8.6,8.7,2.7,2.1,3.1,8.3
Tamil Nadu,2022-2023,44.8,37.7,52.75,8.6,3.7,4.3,3.5,7.7,6.8,6.3
Gujarat,Unknown,37.6,38.9,94.4,4.2,3.3,12.1,3.0,9.5,3.0,4.2
Assam,2021-2022,25.9,5.2,24.4,3.4,5.1,4.7,4.5,2.3,2.2,1.7
Uttar Pradesh,2022-2023,2.3,1.8,65.8,0.4,0.4,0.4,3.2,0.4,0.2,0.4
Telangana,Unknown,3.5,2.4,65.6,0.3,0.5,0.9,0.6,0.3,0.5,0.6
Odisha,2024-2025,41.9,9.4,21.1,4.6,9.3,10.6,3.2,3.0,5.5,3.1
Odisha,2022-2023,35.2,10.4,24.5,7.3,4.9,6.1,3.1,8.5,2.7,4.8
Delhi,2018-2019,3.8,1.7,47.3,3.3,0.6,0.3,0.8,0.7,0.4,0.6
Andhra Pradesh,2021-2022,24.5,10.4,100.2,3.3,4.6,3.5,3.6,2.0,3.5,4.1
Bihar,2019-2020,24.0,23.6,52.75,1.8,3.4,5.3,3.5,4.5,3.0,4.1
Andhra Pradesh,2018-2019,25.6,3.1,13.3,1.3,3.3,3.0,4.0,4.8,1.9,5.0
Goa,2021-2022,35.9,6.7,17.5,8.7,3.2,5.0,6.0,5.7,8.4,2.1
Gujarat,2021-2022,36.2,33.5,98.3,4.0,5.2,1.5,3.9,6.6,3.1,5.9
Jharkhand,2023-2024,15.2,11.1,83.8,1.4,3.2,2.2,1.2,2.4,1.7,2.4
Haryana,2019-2020,26.3,5.8,20.8,5.4,5.2,4.8,4.4,4.5,2.1,2.0
Maharashtra,2024-2025,12.1,3.4,26.6,1.2,0.9,1.3,2.7,1.7,2.1,2.1
Gujarat,2017-2018,18.1,14.4,74.6,3.3,1.3,2.4,3.2,3.8,2.7,3.2
Andhra Pradesh,2024-2025,41.1,25.9,66.8,6.2,6.7,4.1,11.2,3.4,8.4,4.2
Unknown,2022-2023,28.6,17.4,70.7,2.9,5.0,5.7,2.4,5.0,4.0,2.8
Karnataka,2016-2017,51.5,32.1,71.7,5.4,7.5,6.6,2.6,12.3,4.8,8.9
Jharkhand,2018-2019,14.6,7.0,50.3,2.3,3.3,1.5,2.0,0.8,2.2,2.5
Haryana,2023-2024,41.8,1.9,4.0,7.9,6.8,2.1,7.2,3.1,8.0,6.0
Delhi,2015-2016,7.1,6.4,95.5,0.3,0.9,0.9,1.1,1.0,1.2,1.3
Andhra Pradesh,2022-2023,4.6,4.1,94.6,1.0,0.4,0.6,0.4,0.3,0.9,0.8
Rajasthan,2016-2017,10.1,8.5,84.0,1.5,1.7,1.0,0.6,2.3,1.9,1.2
Assam,2022-2023,52.6,37.2,67.4,6.9,4.6,9.8,4.9,9.1,4.9,6.9
Bihar,2018-2019,43.4,3.0,7.5,6.4,4.7,4.6,3.6,6.2,9.0,7.2
Madhya Pradesh,2015-2016,30.4,10.4,33.4,7.0,4.4,6.8,1.8,2.6,5.5,3.8
Haryana,2018-2019,15.3,1.8,11.2,2.6,2.2,2.1,0.9,2.5,2.5,1.7
West Bengal,2023-2024,7.8,5.9,74.4,1.3,1.4,1.3,2.1,0.6,3.1,0.6
Uttar Pradesh,2021-2022,21.0,2.3,10.1,3.5,4.4,3.1,4.9,3.8,1.3,1.5
Goa,2022-2023,17.6,12.1,78.3,2.9,1.6,1.0,1.2,3.2,3.3,3.8
Jharkhand,2021-2022,51.9,37.4,84.7,5.6,8.1,3.1500000000000004,7.6,8.9,9.5,7.1
Uttar Pradesh,2024-2025,34.0,34.1,92.0,5.7,5.0,8.1,8.0,6.8,2.6,1.9
Kerala,2022-2023,29.7,18.8,55.9,5.0,6.8,3.1500000000000004,4.3,4.0,2.6,2.4
Jharkhand,2021-2022,5.1,3.8,77.1,0.9,0.5,0.8,0.6,0.6,0.6,1.0
Delhi,2021-2022,6.1,6.1,91.3,1.0,0.5,0.8,1.6,0.5,1.7,0.5
Jharkhand,2015-2016,3.0,2.4,76.0,3.3,0.8,0.8,0.6,0.4,0.2,3.2
Madhya Pradesh,2023-2024,32.1,29.5,96.9,3.8,2.4,3.1,3.2,6.4,4.6,7.6
Andhra Pradesh,2015-2016,29.1,1.6,5.9,1.5,3.6,5.5,6.2,3.6,5.5,2.6
Maharashtra,2016-2017,27.0,12.1,51.4,2.0,6.0,4.9,3.2,1.6,2.6,5.2
Madhya Pradesh,Unknown,19.1,2.0,9.2,2.2,3.2,2.6,3.6,3.0,3.9,1.9
Karnataka,2024-2025,34.9,10.4,52.75,8.2,2.5,3.4,6.2,3.1,6.3,3.2
Kerala,2023-2024,45.8,10.4,56.6,4.6,7.2,5.3,9.7,5.6,4.4,6.4
Madhya Pradesh,2022-2023,47.1,4.8,10.7,4.7,10.5,4.7,4.0,3.2,5.9,9.8
Chhattisgarh,2018-2019,23.7,7.6,37.4,3.2,2.0,2.7,2.5,2.3,5.5,4.1
Punjab,2016-2017,20.1,8.6,42.4,4.0,1.9,4.5,1.1,3.9,1.3,3.5
Haryana,2018-2019,12.6,5.5,42.6,2.2,2.9,2.3,2.4,0.7,0.7,2.1
West Bengal,2019-2020,5.5,2.6,50.8,1.0,0.9,0.8,3.2,1.0,0.5,0.3
Madhya Pradesh,2015-2016,50.7,10.4,69.4,5.0,8.8,4.8,5.5,8.0,9.8,4.9
Jharkhand,2016-2017,32.7,19.2,68.3,5.1,3.3,1.5,5.3,7.0,4.8,4.3
Unknown,2020-2021,13.0,5.3,39.4,2.7,1.4,1.9,0.9,2.1,1.8,1.5
Assam,2021-2022,37.3,18.4,52.75,4.8,10.3,7.8,3.5,6.5,4.0,2.3
Unknown,2016-2017,37.5,28.5,73.0,7.1,3.5,3.3,7.1,5.4,8.3,4.0
Maharashtra,2022-2023,23.2,13.6,68.7,2.1,3.9,4.3,3.2,3.9,1.9,3.3
Chhattisgarh,2015-2016,31.6,16.2,48.4,5.0,6.6,3.8,4.6,6.0,6.2,1.6
Delhi,2021-2022,46.6,33.2,85.6,4.6,4.6,6.6,7.7,3.1,11.7,5.3
Andhra Pradesh,2018-2019,30.4,14.0,42.9,3.8,6.7,2.4,5.4,2.2,4.7,7.1
Karnataka,2017-2018,38.4,10.4,72.6,6.9,4.2,3.1500000000000004,7.7,5.7,6.2,2.4
Unknown,2020-2021,30.5,31.5,97.8,3.7,4.4,2.2,2.0,3.7,7.0,9.4
Tamil Nadu,2023-2024,8.8,6.5,88.2,0.7,1.4,0.9,1.6,0.9,1.6,1.0
Bihar,2020-2021,25.6,29.5,52.75,2.3,5.5,7.4,7.6,3.2,10.4,8.1
Telangana,2020-2021,30.5,20.4,63.6,4.1,4.8,3.5,4.2,5.0,5.2,2.3
Delhi,2023-2024,46.7,12.0,26.7,5.6,9.3,2.8,4.3,6.4,3.1,11.8
Odisha,2023-2024,33.5,5.8,19.8,8.1,2.2,1.6,6.8,5.0,3.7,4.5
Goa,2022-2023,26.6,13.6,44.6,4.8,1.7,5.4,5.8,4.0,2.2,3.6
Odisha,2020-2021,2.6,1.0,37.4,0.4,0.5,0.3,0.6,0.2,0.2,0.2
Bihar,2021-2022,5.1,2.3,50.7,0.9,0.3,0.9,0.7,0.9,0.6,0.3
Punjab,2020-2021,11.5,10.4,74.0,1.8,1.0,1.6,1.3,2.0,1.4,2.1
Telangana,2015-2016,9.9,5.7,53.0,1.5,1.2,1.5,0.9,1.2,1.6,1.3
Assam,2016-2017,46.5,16.3,33.8,7.2,3.4,5.2,7.2,6.8,7.3,5.8
Punjab,2022-2023,26.0,1.6,6.6,4.0,5.4,2.7,2.0,4.0,3.9,2.2
Maharashtra,2021-2022,5.3,5.1,89.6,1.1,1.1,0.4,0.4,0.8,0.3,0.9
Telangana,2019-2020,15.3,11.2,77.1,2.2,2.6,3.1,2.2,0.9,1.6,3.3
Gujarat,2022-2023,27.3,20.6,77.2,1.9,4.0,5.2,1.9,4.1,6.1,3.3
Jharkhand,2022-2023,12.6,4.6,43.8,2.3,2.1,1.0,2.4,1.3,1.1,1.4
Haryana,2018-2019,11.5,6.2,51.7,1.0,2.9,1.1,0.8,1.5,1.8,1.8
Bihar,2023-2024,45.3,3.7,8.0,8.2,10.1,11.6,2.8,4.2,7.2,3.8
Madhya Pradesh,2023-2024,44.0,14.0,36.9,4.4,7.5,2.7,11.2,5.2,4.1,8.2
Bihar,2022-2023,45.9,32.6,66.1,5.5,3.4,8.4,8.3,6.8,10.5,6.5
Goa,2018-2019,13.7,1.4,10.6,1.0,2.3,2.2,2.2,1.9,2.2,1.3
Jharkhand,2017-2018,45.7,28.3,60.6,10.1,3.3,7.6,3.2,2.9,8.3,3.2
Haryana,2017-2018,8.8,8.3,103.0,3.3,2.0,1.1,0.5,1.4,1.4,1.3
Haryana,2020-2021,45.7,42.7,52.75,6.2,8.8,6.1,5.1,3.9,7.0,6.1
Uttar Pradesh,2022-2023,6.2,5.3,81.0,1.2,0.9,1.1,0.9,0.9,0.9,0.6
Kerala,2018-2019,18.8,15.2,79.7,1.5,4.1,4.4,1.9,2.4,2.1,2.8
Rajasthan,2022-2023,25.6,18.7,66.2,4.9,7.3,1.6,4.3,5.6,2.0,6.5
Haryana,Unknown,37.1,32.3,80.6,5.1,10.0,3.0,2.9,7.0,5.5,6.1
Rajasthan,2022-2023,20.0,18.9,89.8,1.5,1.5,1.8,3.7,3.9,2.7,4.2
Maharashtra,2015-2016,42.9,14.2,52.75,6.3,7.4,2.2,10.2,6.3,8.2,3.3
Unknown,2017-2018,8.5,0.8,10.1,0.5,0.9,0.5,3.2,3.1,1.7,1.5
Delhi,2024-2025,22.2,3.0,12.4,3.1,5.4,3.0,1.9,4.3,2.2,1.6
Gujarat,2024-2025,34.2,24.4,76.1,6.5,2.3,3.2,3.9,6.4,7.1,2.4
Bihar,2017-2018,3.1,2.6,73.6,0.3,0.4,0.4,0.8,0.6,0.2,0.5
Telangana,2016-2017,7.8,3.5,43.0,2.2,1.3,2.0,1.0,0.4,0.6,0.7
Andhra Pradesh,2020-2021,15.3,7.8,53.5,1.9,1.7,0.7,2.6,2.2,2.1,3.1
Andhra Pradesh,Unknown,3.6,10.4,50.8,0.8,0.9,0.3,0.4,0.9,0.3,0.3
Kerala,2015-2016,10.6,3.5,31.5,1.5,1.6,1.0,0.9,1.5,1.8,2.8
West Bengal,2017-2018,11.9,10.0,79.6,2.7,1.4,1.9,2.2,2.0,1.8,0.6
Odisha,2019-2020,12.1,2.5,21.6,0.7,2.3,1.8,1.0,1.2,1.6,3.2
Kerala,2016-2017,25.6,23.4,51.0,7.1,7.5,6.1,8.3,7.2,7.9,2.8
Maharashtra,2024-2025,7.6,5.9,83.2,1.1,1.2,0.4,1.5,1.6,1.1,1.3
Uttar Pradesh,2024-2025,20.2,18.3,97.4,3.0,2.5,4.4,4.0,1.8,2.2,2.3
Jharkhand,2018-2019,39.7,13.6,39.6,5.4,3.3,5.6,4.4,3.7,7.9,2.9
Bihar,2020-2021,29.2,25.5,90.7,10.0,2.7,2.4,2.4,3.2,5.5,2.2
West Bengal,2021-2022,17.3,12.0,60.2,2.2,2.6,1.3,2.5,3.7,3.7,1.7
West Bengal,2021-2022,44.2,7.6,14.6,2.9,5.1,11.3,9.1,2.9,6.2,8.8
Odisha,2021-2022,39.5,10.5,27.5,6.5,8.0,6.0,3.9,5.4,6.0,5.3
Madhya Pradesh,2020-2021,6.3,3.9,64.3,1.2,0.7,1.5,0.4,1.0,1.4,0.4
Odisha,2019-2020,26.2,20.9,83.0,3.6,4.3,1.8,4.7,5.0,5.1,3.2
Punjab,2021-2022,24.1,15.9,66.3,5.1,4.2,4.6,2.8,1.6,1.4,5.1
Unknown,2019-2020,42.6,41.8,95.8,5.0,7.5,6.3,9.4,3.4,10.0,4.9
Maharashtra,2020-2021,29.7,10.4,41.3,3.4,3.3,2.6,2.8,3.8,5.2,5.1
Odisha,2017-2018,30.8,21.6,67.3,7.6,6.8,2.1,4.7,4.2,5.7,2.2
Telangana,2018-2019,38.6,16.3,49.2,2.9,4.1,8.3,6.1,8.5,4.0,3.5
Haryana,2015-2016,8.4,1.6,21.8,1.5,1.1,1.1,1.5,0.9,0.5,1.4
Odisha,2023-2024,40.5,3.7,7.8,3.2,8.0,4.8,10.6,5.3,3.7,6.3
Karnataka,2015-2016,24.2,19.9,86.5,2.5,2.9,4.0,2.2,4.5,3.2,4.8
Goa,2024-2025,32.3,9.2,27.9,5.8,6.2,6.5,3.2,2.9,3.1,3.2
Gujarat,2023-2024,34.9,13.3,34.9,7.0,6.9,8.4,3.3,6.3,2.5,3.1
Jharkhand,2024-2025,37.3,19.4,58.9,6.8,5.0,5.5,1.7,7.0,6.7,3.4
Rajasthan,2017-2018,40.8,8.9,19.9,7.2,6.9,8.1,7.5,3.3,3.4,7.4
Maharashtra,2024-2025,48.0,25.9,52.3,8.6,6.4,3.1500000000000004,4.5,9.5,3.1,3.2
Kerala,2018-2019,16.1,1.3,7.1,2.1,2.9,2.5,4.0,2.1,2.0,1.8
Kerala,2017-2018,18.6,16.6,88.5,1.8,4.7,2.6,3.5,2.0,2.0,3.0
West Bengal,2017-2018,35.2,1.3,3.5,3.7,4.7,7.4,7.4,2.8,3.1,7.0
Karnataka,2021-2022,20.5,16.4,67.8,2.7,2.4,1.9,3.6,3.3,4.7,1.9
Bihar,2022-2023,40.3,34.3,78.7,10.9,5.5,5.8,3.9,3.1,5.2,4.3
Rajasthan,2023-2024,42.7,25.0,63.1,3.4,8.2,8.8,12.6,5.3,3.5,3.6
Telangana,2021-2022,18.5,10.4,10.4,3.3,1.7,1.1,4.8,4.4,2.4,4.5
Andhra Pradesh,2023-2024,48.2,6.7,14.6,10.1,3.3,3.1500000000000004,5.0,4.4,3.1,4.3
Uttar Pradesh,2020-2021,16.4,9.0,55.8,2.9,3.2,2.0,1.7,4.4,1.1,2.6
Rajasthan,2022-2023,43.2,36.2,77.5,5.3,8.4,4.7,6.2,8.2,6.7,8.5
Unknown,2024-2025,38.9,30.1,73.6,5.7,6.2,5.7,6.1,7.3,1.8,8.0
Uttar Pradesh,2021-2022,18.7,10.9,67.9,3.3,3.3,2.7,3.3,1.8,1.8,3.7
Kerala,2019-2020,25.9,14.4,58.7,4.7,4.4,4.4,3.7,1.5,3.4,1.1
Andhra Pradesh,2021-2022,22.2,1.3,5.6,2.7,4.4,4.3,4.2,1.6,3.1,2.9
West Bengal,2024-2025,48.5,12.2,26.4,4.3,3.7,11.7,9.6,3.1,8.8,2.8
Rajasthan,2016-2017,24.0,20.7,90.7,2.9,6.2,3.9,2.2,1.7,3.8,4.4
Odisha,Unknown,23.3,11.1,50.0,1.7,4.8,2.8,3.8,2.9,3.2,3.1
Maharashtra,2019-2020,43.7,11.5,28.1,7.8,5.1,2.2,8.1,6.5,3.5,8.7
Kerala,2022-2023,44.8,43.2,105.2,9.3,2.3,8.7,7.6,5.3,6.2,2.3
Uttar Pradesh,2016-2017,4.1,4.0,93.0,0.7,0.6,0.5,0.8,0.4,0.5,0.4
Goa,2022-2023,10.1,3.3,38.9,1.4,1.6,2.1,1.1,0.5,0.9,1.9
Kerala,2020-2021,17.1,15.7,87.0,1.5,1.5,3.3,3.1,3.3,1.9,1.4
Uttar Pradesh,2017-2018,11.1,7.9,75.6,0.5,2.4,1.8,0.9,2.1,1.5,1.3
Goa,2021-2022,10.4,7.6,83.4,0.8,1.5,2.0,0.7,2.5,1.3,1.1
Delhi,2019-2020,25.6,1.0,3.9,4.5,5.3,3.5,4.6,3.6,2.3,2.9
Bihar,2022-2023,4.7,10.4,26.8,0.9,0.3,1.0,0.9,0.2,0.9,0.7
Goa,2023-2024,49.9,35.1,74.3,5.1,7.4,8.7,8.7,2.6,8.4,6.2
Assam,2017-2018,39.0,21.7,57.9,8.9,6.4,3.1500000000000004,5.1,3.6,6.6,2.8
Telangana,2021-2022,7.9,7.3,85.5,1.4,1.1,1.2,1.4,1.5,0.9,3.2
Andhra Pradesh,2021-2022,8.8,3.0,32.7,1.3,1.6,1.2,1.0,1.1,1.4,1.8
Punjab,Unknown,27.2,9.9,34.0,2.9,4.0,4.5,3.6,3.4,6.7,3.0
Uttar Pradesh,2023-2024,4.9,3.7,81.9,0.6,3.3,0.7,1.0,0.7,0.6,1.1
Karnataka,2019-2020,12.7,5.5,51.3,1.3,1.8,1.8,2.2,1.7,1.2,2.4
Tamil Nadu,2019-2020,28.2,22.6,82.7,2.9,3.8,4.7,5.5,2.6,4.5,3.6
Tamil Nadu,2018-2019,20.6,5.8,33.9,4.2,3.3,4.1,2.8,4.0,2.5,1.0
Punjab,2019-2020,24.5,2.7,10.4,1.5,2.0,4.2,4.2,3.3,4.6,5.5
Karnataka,2018-2019,38.2,10.4,16.8,3.6,4.6,7.8,5.6,7.6,2.4,8.9
Karnataka,2017-2018,41.6,32.8,80.7,5.7,7.6,4.5,4.7,6.5,8.3,3.1
Karnataka,2023-2024,15.1,3.2,21.8,3.9,2.9,1.7,2.5,1.7,1.0,2.5
Gujarat,2016-2017,19.6,10.4,76.4,0.9,3.6,2.2,3.2,4.2,4.1,3.3
Gujarat,2016-2017,44.9,35.7,75.5,6.4,9.9,10.3,2.9,6.3,3.8,6.7
Jharkhand,2017-2018,23.0,15.5,64.7,4.6,2.1,1.3,2.8,3.1,4.6,3.2
Bihar,2021-2022,46.3,35.3,86.4,9.5,8.7,4.7,4.2,3.2,5.6,8.1
Punjab,2020-2021,50.1,2.3,5.3,7.0,5.1,8.4,9.7,2.8,5.7,10.7
Delhi,Unknown,38.2,8.7,21.2,3.4,5.0,7.9,3.2,5.6,3.1,3.2
Telangana,2018-2019,25.7,20.5,84.7,4.7,5.3,2.6,1.3,3.7,6.0,1.5
Haryana,2017-2018,39.8,4.0,10.5,8.2,2.3,4.3,6.1,8.4,2.9,7.3
Karnataka,2022-2023,7.6,2.3,25.6,0.5,0.7,2.1,1.5,1.8,1.2,0.6
Punjab,2018-2019,17.8,13.1,70.5,4.9,1.7,3.5,2.9,3.2,1.2,1.4
Assam,2022-2023,4.4,10.4,16.3,0.6,3.3,1.3,0.3,0.4,0.4,0.3
West Bengal,2017-2018,15.9,10.7,62.3,3.3,1.6,2.2,3.2,1.5,2.9,1.6
Gujarat,2022-2023,12.8,1.1,8.1,0.9,3.3,2.2,1.7,1.9,3.1,2.3
Kerala,2017-2018,20.4,11.1,57.4,1.9,1.8,2.7,4.7,4.1,2.0,3.6
Andhra Pradesh,2019-2020,20.7,10.4,26.0,4.2,3.2,3.1,1.6,4.4,1.3,1.7
Unknown,2019-2020,26.9,5.6,52.75,3.8,4.5,1.7,4.2,2.1,6.2,4.9
Karnataka,2020-2021,9.1,5.1,53.2,1.3,1.3,1.5,3.2,1.8,1.2,1.0
Bihar,2015-2016,22.3,7.7,39.7,4.3,3.7,4.1,2.2,4.0,1.8,1.3
Maharashtra,2019-2020,7.5,6.9,96.5,0.7,1.0,1.3,1.3,0.9,1.2,0.5
Tamil Nadu,2018-2019,35.2,1.4,4.0,6.2,2.4,4.0,5.8,1.9,4.4,7.7
Madhya Pradesh,2016-2017,39.5,27.9,80.2,5.5,9.2,4.8,3.6,1.8,8.6,4.6
Unknown,2016-2017,12.9,9.2,66.6,1.1,2.2,1.5,2.5,2.1,2.1,1.9
Delhi,2016-2017,11.7,5.9,58.2,1.7,1.4,1.4,1.5,1.6,1.7,1.7
Madhya Pradesh,2017-2018,49.6,5.9,12.8,8.3,6.0,6.5,10.0,5.1,6.7,3.7
Maharashtra,Unknown,28.7,15.4,51.4,3.9,5.2,3.8,3.2,5.2,4.6,1.2
Jharkhand,2018-2019,43.8,9.3,22.4,10.5,3.2,3.0,9.6,5.7,4.6,3.5
Odisha,2018-2019,4.8,3.5,77.3,0.3,1.0,0.5,0.4,0.9,0.8,0.8
Jharkhand,2021-2022,22.1,11.0,50.7,3.0,4.9,3.5,2.3,3.1,2.7,2.6
Delhi,2022-2023,8.3,8.3,92.9,0.9,0.7,0.9,1.5,3.1,2.0,0.6
West Bengal,2015-2016,15.6,12.8,88.7,1.8,2.5,3.4,3.2,2.0,1.3,3.9
Karnataka,2024-2025,15.8,12.3,71.5,1.7,3.5,1.4,3.5,3.5,3.1,1.8
Rajasthan,2021-2022,25.6,3.6,75.3,0.3,0.6,0.9,0.7,1.0,0.6,0.6
Gujarat,2018-2019,25.7,9.5,40.1,3.0,4.7,2.1,2.5,3.7,4.0,3.8
Haryana,2016-2017,45.3,13.3,28.9,6.5,4.8,3.1500000000000004,5.1,13.7,9.8,3.1
Telangana,2018-2019,35.0,28.3,87.1,6.4,3.3,5.1,7.6,3.3,5.6,3.1
Goa,2024-2025,32.8,23.9,83.3,4.7,2.1,8.8,5.5,2.5,5.5,2.7
Tamil Nadu,2016-2017,7.2,6.8,92.0,0.6,1.0,1.3,0.9,1.0,1.1,1.4
Maharashtra,2018-2019,25.7,14.9,54.9,4.2,2.5,1.3,4.9,4.2,4.4,3.2
Kerala,2018-2019,10.4,1.8,16.0,2.2,1.9,0.6,1.0,1.5,1.6,2.6
Haryana,2020-2021,15.4,7.9,56.1,1.0,2.1,2.3,2.5,3.1,3.0,3.4
Chhattisgarh,2021-2022,28.4,22.1,83.1,3.4,4.8,4.0,2.7,3.8,4.5,4.3
Odisha,2015-2016,19.4,9.9,54.7,3.1,1.3,3.2,1.0,2.3,3.7,3.8
Haryana,2021-2022,42.0,15.1,34.5,5.0,5.1,8.8,6.5,9.6,5.9,3.6
Telangana,2019-2020,20.4,8.9,41.1,4.0,3.9,4.0,1.7,1.5,3.6,3.4
Uttar Pradesh,2018-2019,21.9,17.5,70.0,3.4,1.2,2.8,3.8,3.1,3.6,3.5
Andhra Pradesh,2019-2020,23.9,19.5,77.7,2.9,4.4,2.1,3.2,4.7,4.7,3.2
Punjab,2017-2018,38.4,16.7,52.3,2.7,3.5,6.0,7.3,5.5,5.2,7.3
Tamil Nadu,2021-2022,32.3,24.4,88.9,5.3,4.8,4.3,4.3,2.5,5.3,4.7
Odisha,2016-2017,10.7,11.3,91.7,1.1,2.2,1.8,1.5,2.1,0.7,2.1
Odisha,2019-2020,40.5,12.6,29.4,5.4,2.6,5.4,8.5,8.4,2.3,6.3
Tamil Nadu,2019-2020,21.9,13.8,72.3,2.1,4.0,4.9,3.2,2.5,1.2,3.0
Bihar,2024-2025,22.6,12.6,52.9,2.4,1.5,6.1,3.9,4.5,3.1,1.8
Andhra Pradesh,2024-2025,45.3,5.0,10.2,10.5,10.7,4.9,4.9,8.1,6.4,3.4
Odisha,2015-2016,21.8,7.7,33.2,1.8,3.4,4.1,3.2,2.9,2.4,2.9
Rajasthan,2017-2018,25.5,20.3,82.9,3.7,2.3,3.5,4.3,2.2,3.2,4.7
Punjab,2019-2020,36.3,27.7,73.2,4.9,6.2,3.9,2.9,5.1,7.3,6.1
Jharkhand,2018-2019,32.2,8.8,29.6,5.0,7.3,6.9,2.7,1.7,4.1,2.7
West Bengal,2016-2017,37.4,26.3,67.3,2.2,2.8,7.6,8.3,6.1,7.0,5.2
Kerala,2016-2017,36.5,17.4,46.0,7.4,4.7,4.4,5.4,3.3,6.8,7.1
Andhra Pradesh,2017-2018,3.1,0.6,52.75,0.4,0.3,1.0,0.3,0.2,0.4,0.4
Goa,2023-2024,21.4,19.4,92.8,3.4,3.3,3.3,3.3,1.3,2.5,3.7
Madhya Pradesh,2021-2022,17.1,6.9,43.1,3.1,1.5,2.8,2.0,1.1,3.1,2.6
Jharkhand,2021-2022,17.8,2.0,52.75,2.0,2.8,1.0,2.6,4.0,1.4,2.7
Kerala,2024-2025,46.7,23.5,52.75,5.1,6.0,8.4,6.8,10.8,4.0,3.3
Kerala,2020-2021,11.4,10.4,21.6,2.3,2.5,0.7,0.8,1.9,1.8,0.7
Odisha,2020-2021,21.2,14.7,73.0,2.8,2.8,2.1,0.9,3.4,3.6,4.3
West Bengal,2018-2019,20.4,7.8,44.0,3.3,2.0,2.8,4.4,1.8,4.5,3.0
Haryana,2016-2017,5.2,3.5,65.1,1.2,0.7,0.4,0.4,1.2,3.1,1.1
Odisha,2016-2017,6.2,3.4,52.75,1.0,0.7,0.9,1.0,0.7,0.3,1.3
Haryana,2021-2022,37.5,12.0,32.8,4.4,3.3,7.6,6.1,9.0,7.2,2.2
Rajasthan,2019-2020,25.6,2.6,77.8,3.3,3.3,0.3,0.7,0.4,0.7,0.7
Odisha,2015-2016,31.1,10.4,43.1,5.9,6.7,4.8,2.4,3.1,6.2,2.2
Andhra Pradesh,Unknown,13.2,7.8,62.6,1.5,2.4,2.4,2.3,0.7,2.4,1.9
Punjab,2017-2018,49.5,2.5,4.8,3.7,9.8,11.9,3.0,5.8,3.5,11.8
Rajasthan,2016-2017,37.5,24.9,60.7,5.4,3.3,2.5,6.1,8.6,4.8,5.7
Andhra Pradesh,2020-2021,14.0,3.6,23.3,2.4,2.6,1.4,2.9,2.2,1.4,1.7
Tamil Nadu,2024-2025,25.6,1.7,7.3,4.1,3.4,2.6,2.4,2.2,4.4,3.2
Rajasthan,2016-2017,42.9,18.2,39.8,8.8,7.6,8.2,5.7,6.8,2.2,5.1
West Bengal,2020-2021,8.5,4.1,49.0,1.3,1.7,1.3,3.2,1.0,3.1,0.5
Telangana,2020-2021,16.4,11.5,65.7,2.8,2.1,0.9,3.1,1.6,4.0,3.1
Karnataka,2021-2022,21.8,14.0,61.2,3.3,2.0,3.7,3.1,1.6,3.1,1.8
Tamil Nadu,2018-2019,21.6,11.8,65.7,1.4,4.4,4.2,2.8,2.1,2.8,2.5
Rajasthan,2015-2016,24.8,6.2,25.7,1.6,1.0,4.4,4.3,3.8,4.0,4.3
Kerala,2019-2020,17.5,10.1,50.7,2.1,1.9,3.4,4.1,3.7,1.2,3.2
Rajasthan,2023-2024,46.8,35.1,79.5,7.3,3.3,3.1500000000000004,1.9,9.8,7.4,4.9
West Bengal,2016-2017,26.7,20.2,79.7,1.9,3.2,2.7,2.7,3.3,6.0,5.6
Gujarat,2015-2016,22.4,4.0,17.8,3.8,4.0,3.6,2.7,3.3,2.0,3.3
Goa,2019-2020,47.3,45.9,92.2,8.0,2.6,11.4,6.6,8.1,5.4,6.4
West Bengal,2020-2021,14.0,2.7,19.2,1.6,1.4,3.1500000000000004,2.6,1.3,2.7,2.1
Jharkhand,2015-2016,46.0,28.7,70.1,6.7,5.8,3.4,8.9,7.7,8.6,2.9
Chhattisgarh,2016-2017,42.6,12.7,31.2,5.5,7.5,5.8,6.9,5.8,3.1,3.4
Bihar,2020-2021,37.9,0.9,2.5,6.8,6.9,5.1,6.0,1.6,5.0,4.8
Odisha,Unknown,25.6,11.1,59.5,1.6,3.3,3.0,1.7,2.3,4.6,4.2
Tamil Nadu,2015-2016,21.2,16.6,84.8,3.4,6.9,2.3,2.5,2.4,1.4,3.3
Karnataka,2020-2021,34.4,29.1,86.6,6.7,4.2,6.2,7.5,5.6,3.5,2.0
Unknown,2019-2020,20.5,8.6,40.0,2.8,2.4,3.5,2.1,3.4,1.9,2.9
Telangana,2016-2017,14.9,4.0,26.4,2.2,1.5,1.4,1.5,1.9,3.1,2.9
Gujarat,2015-2016,47.6,21.7,48.1,8.0,4.5,7.5,3.2,9.1,10.3,4.6
Karnataka,2022-2023,25.6,19.6,70.3,3.1,6.3,9.9,2.5,2.7,2.4,3.4
Kerala,Unknown,40.8,32.2,78.3,3.4,8.1,3.4,9.6,3.6,4.2,10.2
Jharkhand,2023-2024,25.6,8.6,32.0,3.1,2.1,3.9,4.0,4.4,3.5,4.7
Haryana,2023-2024,20.5,5.8,52.75,3.8,2.2,3.6,3.7,1.2,4.1,1.5
Chhattisgarh,2021-2022,25.6,28.5,103.1,3.7,2.9,5.9,3.7,2.3,2.8,6.1
Delhi,Unknown,42.5,37.0,52.75,6.3,9.0,9.9,9.8,3.5,2.4,4.2
Haryana,2019-2020,21.5,7.1,34.4,1.1,2.5,4.1,2.5,4.1,2.6,3.6
Goa,2023-2024,2.3,0.8,29.5,0.2,0.4,0.5,0.2,0.2,0.5,0.4
Tamil Nadu,2019-2020,15.3,14.3,81.5,2.9,1.5,3.4,1.0,2.9,1.6,2.4
Delhi,2017-2018,33.0,1.6,4.3,3.7,4.2,6.5,5.9,6.0,2.2,6.4
Madhya Pradesh,Unknown,44.8,13.0,30.8,10.0,5.0,10.9,3.8,4.4,8.6,4.7
Unknown,2020-2021,21.6,1.3,7.1,2.8,1.7,3.4,3.4,3.1,2.8,1.9
Madhya Pradesh,2024-2025,25.6,1.9,52.6,0.6,0.7,0.7,0.3,0.5,0.3,0.4
Madhya Pradesh,2015-2016,43.0,22.9,49.8,8.0,8.9,6.8,3.3,2.9,2.5,8.5
Goa,2020-2021,13.0,10.3,82.7,1.6,1.8,1.5,1.9,1.6,3.1,2.1
Kerala,2021-2022,29.1,10.4,65.0,3.5,3.1,2.6,4.3,4.9,5.6,4.2
Odisha,2016-2017,36.4,17.1,53.9,2.9,2.1,7.9,1.9,3.0,8.6,8.9
Rajasthan,2019-2020,8.3,6.4,52.75,3.3,0.8,0.4,1.3,1.0,1.4,1.5
Rajasthan,2020-2021,41.6,11.5,26.7,7.1,7.0,6.6,2.8,4.8,7.7,4.6
Chhattisgarh,2017-2018,42.0,18.8,43.4,9.0,5.0,2.4,6.1,5.4,5.5,9.5
Odisha,2021-2022,43.8,15.5,36.5,5.9,4.5,7.1,3.3,2.8,11.4,7.0
Delhi,2015-2016,7.8,6.1,81.7,0.7,3.3,1.5,0.8,1.6,1.4,0.5
Kerala,2020-2021,30.8,28.4,86.5,2.5,8.0,2.9,2.3,6.2,1.8,5.2
Karnataka,2016-2017,5.4,5.6,88.9,0.4,1.2,1.1,0.3,1.4,0.4,0.9
Uttar Pradesh,2022-2023,29.1,11.0,39.4,4.7,3.5,4.3,5.1,1.5,3.1,4.3
Goa,2020-2021,13.2,0.9,7.2,1.7,1.8,3.1,1.6,1.9,2.5,0.8
Kerala,Unknown,44.4,27.6,59.4,6.5,3.7,7.8,6.0,8.0,4.7,7.7
Delhi,2019-2020,41.0,0.6,1.5,7.4,7.8,3.1500000000000004,5.8,3.8,2.8,4.8
Assam,2019-2020,42.9,18.5,49.5,7.8,7.9,3.1500000000000004,3.8,2.6,6.9,6.8
Odisha,2020-2021,48.5,10.4,13.8,2.9,8.5,6.6,8.8,3.1,6.7,8.0
Madhya Pradesh,Unknown,46.7,44.9,94.5,3.6,3.0,12.0,4.8,11.2,7.2,7.2
Odisha,2019-2020,15.2,13.5,95.5,3.1,2.6,1.9,1.2,2.0,2.6,2.7
Uttar Pradesh,2023-2024,44.1,4.0,10.2,7.1,5.5,8.2,3.5,4.1,6.1,8.1
Bihar,2019-2020,16.2,4.3,30.6,3.2,2.3,3.3,0.8,2.0,3.1,1.2
Chhattisgarh,2019-2020,17.2,14.2,79.6,2.5,3.7,3.0,0.8,1.3,3.6,4.0
Haryana,2020-2021,37.3,21.0,54.4,9.5,3.9,3.4,3.5,5.0,11.1,4.0
Gujarat,2018-2019,49.3,46.5,52.75,4.2,9.0,10.5,6.2,2.6,6.7,6.7
Chhattisgarh,2021-2022,49.4,9.8,21.2,10.5,10.3,7.4,7.0,4.1,3.5,5.0
Rajasthan,2019-2020,17.9,17.3,95.6,1.3,3.7,0.9,4.0,1.7,4.0,3.3
Andhra Pradesh,2024-2025,26.8,16.2,64.4,3.1,1.7,4.9,2.8,5.1,5.5,5.1
Gujarat,2022-2023,32.9,7.0,22.4,3.4,4.1,1.8,6.1,6.1,4.4,3.9
Uttar Pradesh,2015-2016,31.9,11.7,34.9,4.6,3.9,5.8,5.6,6.1,3.6,2.9
Unknown,2016-2017,27.4,1.4,5.1,3.3,1.8,4.6,7.8,4.6,4.5,2.0
Bihar,2023-2024,35.0,6.3,15.8,4.6,6.7,5.0,5.7,3.1,4.9,6.9
Unknown,2024-2025,18.1,1.0,5.2,2.3,2.9,2.5,3.4,3.5,2.5,2.1
Gujarat,2017-2018,16.8,9.1,46.2,1.5,2.7,2.7,1.8,3.4,2.4,3.2
Tamil Nadu,2022-2023,25.5,19.6,72.1,5.3,6.5,1.9,3.2,1.6,2.0,7.8
Maharashtra,2024-2025,30.1,12.0,43.6,5.2,4.3,6.4,4.1,3.1,2.4,1.8
Uttar Pradesh,2022-2023,42.1,25.6,58.4,10.1,3.3,5.0,9.2,3.1,3.4,5.4
Unknown,2019-2020,20.9,5.1,25.1,1.3,1.5,4.2,4.5,2.9,3.9,1.7
Haryana,Unknown,24.8,25.0,96.4,4.9,4.1,3.6,4.3,4.9,3.1,1.2
Karnataka,Unknown,2.9,1.1,31.0,0.3,0.5,0.8,3.2,0.4,0.3,0.5
Tamil Nadu,2015-2016,31.0,27.9,74.5,3.8,7.2,7.4,3.4,2.9,1.7,7.2
Gujarat,2016-2017,26.6,20.1,78.9,5.3,6.4,4.2,4.1,1.8,3.3,2.5
Bihar,2015-2016,44.2,10.4,26.2,5.9,4.0,5.5,5.9,9.3,2.6,8.9
Uttar Pradesh,2021-2022,20.3,21.3,103.7,1.8,4.7,2.8,1.8,3.3,2.6,3.9
Bihar,2015-2016,10.2,6.7,69.7,0.5,1.6,1.9,1.9,1.6,0.9,1.6
West Bengal,2016-2017,12.0,10.8,90.5,1.7,1.3,2.9,0.9,1.5,2.0,1.4
Punjab,2019-2020,9.4,7.7,75.9,0.9,1.1,2.1,1.3,1.4,1.9,1.2
Uttar Pradesh,Unknown,28.1,17.8,66.8,2.0,4.1,3.1,8.1,2.7,1.7,5.1
Uttar Pradesh,2017-2018,16.2,8.6,61.8,1.8,2.0,1.5,2.9,1.9,2.6,3.0
Jharkhand,2023-2024,9.0,1.1,12.9,0.9,1.7,3.1500000000000004,1.4,1.0,1.5,0.6
Jharkhand,2022-2023,50.6,17.1,31.6,6.0,4.3,8.6,4.6,8.1,12.2,6.8
Madhya Pradesh,2022-2023,22.3,14.7,63.5,2.4,4.3,4.5,2.9,4.7,2.5,3.3
Punjab,2022-2023,19.5,13.0,72.2,1.0,3.1,2.9,2.3,2.9,2.8,2.9
Andhra Pradesh,2017-2018,25.7,5.9,22.3,4.5,5.0,4.6,1.7,1.3,3.4,2.9
Haryana,2017-2018,11.7,5.9,48.8,1.7,0.7,2.1,0.8,2.0,1.3,2.3
Goa,2022-2023,25.3,10.4,45.9,2.3,1.6,5.8,6.5,2.3,2.7,3.9
Uttar Pradesh,2018-2019,44.8,16.6,32.1,5.0,10.1,5.4,4.6,4.0,9.6,9.6
Karnataka,2015-2016,14.3,3.8,28.4,1.1,2.9,2.2,2.4,1.5,2.5,0.8
Assam,2021-2022,22.4,2.5,9.8,1.6,4.0,2.6,4.9,3.2,3.4,3.9
Gujarat,2020-2021,11.9,2.8,24.0,1.7,1.8,0.8,1.2,2.1,2.4,2.5
Odisha,2022-2023,38.6,8.2,18.1,6.2,6.7,10.3,2.6,3.1,2.3,7.3
Goa,2017-2018,47.5,37.3,84.2,8.7,4.0,8.6,5.7,7.4,7.6,3.5
Maharashtra,2015-2016,42.3,19.4,47.2,3.6,7.9,4.7,4.7,6.3,5.5,6.8
Madhya Pradesh,2018-2019,26.4,14.3,57.2,3.0,2.8,3.2,3.5,3.4,2.3,5.2
Haryana,Unknown,22.0,24.1,94.1,3.3,6.6,2.9,4.5,4.1,1.6,1.8
Chhattisgarh,2021-2022,5.3,4.8,84.0,3.3,1.0,3.1500000000000004,1.1,0.4,0.8,0.4
West Bengal,2018-2019,14.9,7.6,49.8,2.3,3.2,2.1,3.2,2.4,2.1,0.9
Maharashtra,2017-2018,20.3,14.5,82.7,3.6,2.5,2.3,1.3,2.4,3.5,3.9
Rajasthan,2021-2022,51.9,20.9,47.3,9.4,4.1,10.4,11.1,2.5,2.8,9.4
Chhattisgarh,2015-2016,39.2,23.2,61.0,3.8,2.2,5.6,6.8,6.0,6.8,5.6
Rajasthan,2023-2024,34.2,33.4,92.0,3.7,5.6,5.5,3.2,3.5,5.5,3.2
Maharashtra,2023-2024,41.4,1.7,3.5,7.2,8.2,8.0,8.3,3.1,2.4,7.6
Rajasthan,2021-2022,2.3,10.4,92.9,0.2,0.4,0.4,0.2,0.4,0.3,0.3
Gujarat,2016-2017,46.8,42.3,93.7,6.3,7.5,8.4,5.1,8.9,3.8,5.8
Jharkhand,Unknown,13.7,0.6,4.1,2.4,1.6,1.9,1.7,2.0,1.7,1.6
Unknown,2023-2024,18.4,14.3,52.75,2.6,3.5,1.8,2.6,2.8,1.5,2.2
Delhi,2020-2021,25.6,29.4,68.9,4.1,3.3,8.6,8.8,8.3,2.5,7.0
Rajasthan,2022-2023,22.5,9.6,44.6,3.8,3.2,3.5,3.6,2.0,2.8,1.3
Punjab,2022-2023,37.2,30.9,85.4,9.1,2.6,8.0,6.4,2.9,4.3,2.8
Delhi,2022-2023,49.8,37.9,72.3,4.9,9.8,3.4,9.3,4.1,11.6,4.0
Karnataka,2021-2022,28.9,26.7,97.6,4.0,3.6,4.6,5.1,5.0,2.6,4.5
Kerala,2023-2024,32.6,28.3,92.2,4.4,4.9,6.0,1.7,6.7,3.1,4.9
Odisha,2019-2020,33.2,25.3,74.7,4.4,5.5,3.9,3.2,5.9,6.0,4.9
Karnataka,2016-2017,47.9,19.8,38.9,3.3,8.4,7.7,6.3,6.8,3.1,6.8
Uttar Pradesh,2022-2023,23.1,8.2,33.6,2.5,5.4,3.7,6.1,3.1,1.5,2.3
Punjab,2018-2019,36.8,33.8,77.6,3.3,3.3,6.8,5.4,5.8,6.1,2.3
Kerala,2016-2017,52.1,34.0,75.8,9.3,3.5,3.2,8.3,8.2,7.0,3.2
Odisha,2016-2017,33.6,23.5,65.7,6.5,5.3,2.0,7.1,5.3,6.9,2.9
Bihar,2021-2022,6.6,2.2,39.1,1.2,0.4,1.2,1.1,1.0,0.6,0.7
Chhattisgarh,2015-2016,39.0,21.2,52.5,8.8,3.3,6.5,2.7,3.5,8.5,4.1
Maharashtra,2015-2016,40.6,37.6,87.6,5.0,9.2,7.5,4.0,6.8,7.9,3.2
Telangana,2016-2017,14.5,12.6,83.1,1.4,3.3,3.2,0.8,2.7,2.3,1.1
Assam,2019-2020,22.9,19.7,90.1,3.3,2.8,3.4,3.5,1.7,3.1,3.9
Jharkhand,2015-2016,36.8,12.6,35.8,8.8,7.6,4.0,2.9,3.2,4.1,7.0
Haryana,2017-2018,8.3,5.4,59.1,0.5,1.7,0.9,0.6,1.7,1.7,1.7
Unknown,2020-2021,8.1,4.0,47.7,1.3,1.1,1.5,0.5,1.0,1.6,1.5
Punjab,2017-2018,7.3,0.8,52.75,0.6,0.9,1.5,1.6,0.6,0.7,1.4
Telangana,2018-2019,6.0,5.4,93.9,1.1,0.8,1.6,0.8,1.2,0.4,0.4
West Bengal,2015-2016,9.7,9.1,88.9,0.5,1.4,0.8,2.1,1.7,2.5,1.6
Punjab,2016-2017,25.6,0.7,3.0,2.3,3.9,4.5,1.6,3.1,3.8,3.2
Madhya Pradesh,2023-2024,36.0,27.8,79.9,6.6,4.0,3.3,5.7,6.1,3.6,3.2
Goa,2020-2021,26.8,18.0,68.7,3.9,5.7,3.1500000000000004,5.4,2.8,3.5,3.2
Haryana,2020-2021,22.8,2.4,12.1,3.2,1.7,2.4,4.0,4.9,3.6,2.4
Unknown,Unknown,37.8,10.4,60.3,5.6,7.3,3.3,3.5,3.0,7.1,5.8
Odisha,2021-2022,44.4,28.4,65.8,8.4,7.7,5.0,4.4,8.1,4.0,9.9
Kerala,2023-2024,44.8,38.8,89.5,7.5,2.8,7.1,8.8,6.5,6.2,4.4
Chhattisgarh,2019-2020,3.1,1.5,48.1,0.6,0.3,0.2,0.5,0.3,0.4,3.2
Odisha,2021-2022,5.3,4.3,77.0,0.8,0.7,0.8,1.1,1.2,0.3,0.6
Andhra Pradesh,2020-2021,49.0,45.7,52.75,3.8,10.9,9.4,9.8,4.9,2.7,4.8
Uttar Pradesh,2021-2022,13.9,3.9,29.9,1.2,3.5,1.1,1.1,2.6,2.9,1.2
Madhya Pradesh,2022-2023,38.1,10.4,70.2,5.9,3.9,5.6,6.1,5.2,6.7,6.6
Madhya Pradesh,2024-2025,48.3,44.7,99.5,2.1,6.5,9.1,8.2,7.4,3.3,7.9
Odisha,2024-2025,35.4,10.4,90.7,6.7,3.0,3.1,5.6,3.6,10.8,5.3
Madhya Pradesh,2019-2020,25.6,6.1,24.4,4.6,4.5,2.3,2.8,2.7,3.0,4.3
Uttar Pradesh,2019-2020,46.1,46.2,83.0,3.3,3.3,9.8,5.0,14.1,6.5,3.2
Delhi,Unknown,46.1,4.8,8.8,7.9,3.3,10.1,5.6,9.3,7.1,3.8
Madhya Pradesh,2015-2016,46.1,10.4,23.1,3.3,3.2,12.0,3.9,5.2,11.3,4.9
Tamil Nadu,2023-2024,49.3,32.9,71.0,3.3,9.3,4.6,6.5,9.2,8.0,6.4
Bihar,2020-2021,40.0,29.0,84.0,7.1,5.9,1.8,6.0,7.5,6.2,4.3
Haryana,2023-2024,27.1,12.6,44.1,1.4,5.1,4.1,4.9,3.2,6.4,1.5
Andhra Pradesh,2021-2022,14.8,10.4,76.8,2.3,1.6,2.1,2.4,2.6,1.5,3.2
Chhattisgarh,2024-2025,7.9,1.6,24.5,1.6,0.6,1.1,0.6,1.1,1.5,1.0
Tamil Nadu,2023-2024,4.5,0.8,17.6,0.4,0.3,3.1500000000000004,0.3,0.8,1.0,0.5
Odisha,2018-2019,30.7,24.2,82.8,2.8,3.3,4.2,3.4,5.9,6.3,1.5
Assam,2021-2022,35.2,8.8,24.3,3.8,7.5,5.6,7.2,3.1,3.1,3.2
Tamil Nadu,2020-2021,35.3,18.3,60.9,5.2,3.3,6.4,1.9,6.9,5.2,2.5
Goa,2021-2022,6.9,2.7,45.3,0.9,0.8,0.7,1.0,3.1,1.3,0.8
Odisha,2022-2023,18.0,9.7,52.4,2.9,1.8,4.2,2.7,4.4,1.4,1.0
Jharkhand,2023-2024,38.6,10.4,34.2,3.3,4.1,5.5,3.2,7.0,7.3,5.5
Goa,2019-2020,44.5,31.0,72.3,7.2,3.8,4.9,8.4,11.6,3.4,4.9
Maharashtra,2022-2023,25.6,11.9,39.9,3.5,4.2,3.1500000000000004,4.5,1.8,5.0,6.1
Karnataka,2016-2017,24.7,20.4,84.0,5.2,3.9,3.8,3.4,1.9,2.5,6.3
Rajasthan,2016-2017,20.3,15.6,70.7,2.0,2.4,5.3,1.4,4.7,1.9,3.7
Delhi,2024-2025,11.2,9.2,97.5,1.9,0.5,2.1,0.5,1.2,1.7,2.3
West Bengal,2018-2019,37.0,24.6,63.1,5.8,4.4,6.6,7.2,1.9,7.4,5.9
Tamil Nadu,2017-2018,37.5,13.6,33.9,7.4,6.1,6.4,3.6,5.0,8.0,2.3
Karnataka,2015-2016,4.4,0.5,13.9,0.4,0.2,0.7,0.9,0.4,0.7,0.6
Karnataka,2016-2017,7.4,1.0,16.2,0.5,1.1,0.7,1.2,1.2,1.0,1.4
Odisha,2019-2020,19.4,6.6,29.6,3.9,3.5,2.3,4.4,1.4,3.2,1.9
Bihar,2023-2024,34.8,31.4,96.1,2.9,8.6,3.2,4.5,3.7,7.4,3.6
Goa,2023-2024,47.7,17.8,43.9,11.9,2.9,6.6,2.7,8.0,4.3,10.0
Chhattisgarh,2018-2019,34.7,32.4,100.2,3.3,4.9,8.0,3.2,5.4,4.0,2.7
Uttar Pradesh,Unknown,50.1,15.9,30.0,6.3,8.7,8.0,10.0,3.9,3.1,9.7
Andhra Pradesh,2016-2017,41.2,41.9,52.75,6.7,3.5,8.1,7.4,7.3,5.2,5.8
Telangana,Unknown,27.7,12.1,51.4,2.4,3.3,4.0,1.3,4.4,3.5,5.1
Goa,2020-2021,11.5,7.3,61.5,1.5,2.2,1.5,2.1,0.8,2.1,1.8
Haryana,2022-2023,9.9,4.8,46.4,2.1,1.1,3.1500000000000004,1.1,2.1,1.9,0.7
Jharkhand,2024-2025,48.5,12.6,27.1,7.3,7.8,5.0,8.9,9.2,3.7,2.7
Chhattisgarh,2015-2016,14.8,7.8,53.8,1.4,3.3,3.0,2.5,1.8,2.9,0.8
Unknown,2021-2022,20.5,6.5,30.6,2.8,3.4,3.1500000000000004,1.2,2.2,3.7,1.8
Odisha,2019-2020,6.2,3.4,63.6,0.7,1.1,1.1,0.4,0.6,1.2,0.7
Chhattisgarh,2019-2020,26.6,9.7,38.5,2.3,4.5,4.7,3.5,2.7,1.8,5.3
Andhra Pradesh,2018-2019,3.9,3.3,80.9,0.6,0.3,0.6,0.2,0.7,0.7,0.8
Punjab,2017-2018,12.6,5.6,37.8,2.0,3.1,1.5,2.3,3.1,2.6,0.9
Maharashtra,2021-2022,36.7,31.4,84.1,3.4,3.3,4.2,6.0,6.1,6.1,5.2
Karnataka,2016-2017,23.3,11.5,46.0,3.3,2.1,2.9,1.5,4.1,3.1,3.7
Chhattisgarh,Unknown,24.2,10.9,51.3,3.1,1.7,2.6,5.8,5.2,1.7,2.6
Unknown,2016-2017,51.4,12.1,26.9,3.0,6.3,7.6,7.9,3.1,5.0,15.2
Uttar Pradesh,2015-2016,29.4,8.0,24.7,3.3,3.3,2.4,6.1,8.9,4.2,3.2
Gujarat,2020-2021,26.2,5.7,52.75,1.8,4.4,3.4,1.4,4.9,4.4,3.7
Tamil Nadu,2021-2022,13.8,4.6,28.3,1.0,1.4,1.9,1.7,3.6,1.6,3.8
Punjab,2021-2022,25.6,34.9,67.2,9.0,8.1,6.5,6.7,4.8,7.2,5.9
Jharkhand,2015-2016,7.0,1.3,16.0,1.5,1.1,1.1,0.6,0.7,1.7,0.5
Chhattisgarh,2021-2022,27.1,13.5,53.1,4.2,4.2,3.2,4.2,1.8,5.2,3.9
Chhattisgarh,2023-2024,9.5,6.9,62.2,2.1,0.7,1.9,1.5,3.1,1.3,1.7
Kerala,2022-2023,5.6,2.8,42.1,0.7,1.3,1.1,0.5,0.3,1.4,0.7
Rajasthan,2017-2018,26.3,15.7,54.4,1.8,4.1,2.1,6.6,5.5,3.1,4.4
Punjab,Unknown,14.3,8.0,66.2,1.2,2.9,0.8,2.7,1.0,1.6,3.4
Bihar,2024-2025,12.2,3.3,27.9,1.9,2.4,1.6,1.2,2.9,1.9,3.2
Tamil Nadu,2015-2016,15.8,14.2,86.0,2.0,1.4,3.5,2.8,2.4,2.0,3.3
Uttar Pradesh,2019-2020,8.1,6.5,76.2,1.0,0.9,0.7,1.8,0.8,1.5,1.3
Maharashtra,2017-2018,27.0,6.1,21.2,5.3,1.8,3.7,4.3,5.5,5.3,2.2
Assam,2024-2025,34.7,6.5,18.1,5.0,3.3,4.7,6.1,6.9,4.2,5.3
Gujarat,2023-2024,18.3,16.6,84.8,2.7,2.4,2.0,4.6,1.5,3.4,2.5
Delhi,2024-2025,4.3,2.8,63.1,0.8,0.8,0.6,0.5,0.5,0.4,1.1
Maharashtra,2020-2021,7.7,3.8,50.9,0.9,1.8,0.9,1.3,0.8,1.1,0.5
Tamil Nadu,2021-2022,14.9,11.6,82.0,3.7,1.9,1.1,0.9,2.7,0.9,3.1
Goa,2020-2021,45.7,34.1,75.9,9.0,2.8,5.6,6.9,5.4,8.3,7.1
Rajasthan,2023-2024,18.4,0.8,4.5,3.3,1.6,1.9,1.5,2.6,4.3,3.7
Jharkhand,2024-2025,2.1,1.1,55.1,0.3,0.2,0.2,0.3,0.4,0.5,0.3
Maharashtra,2023-2024,47.1,27.9,68.6,7.6,5.7,10.2,3.2,3.0,4.1,4.8
Punjab,2024-2025,44.1,47.6,104.7,9.9,3.2,8.7,5.1,6.6,4.1,7.6
Odisha,2017-2018,32.4,3.7,10.9,2.2,8.9,2.0,2.9,2.3,7.4,8.4
Goa,2024-2025,13.7,4.9,32.7,2.3,0.8,1.4,1.4,1.4,2.4,3.5
Odisha,2017-2018,24.5,14.2,61.9,4.2,1.9,2.5,3.6,2.8,2.9,3.2
Madhya Pradesh,2023-2024,22.4,21.1,52.75,4.1,1.2,4.9,3.0,1.8,5.2,4.5
Gujarat,2020-2021,31.1,17.8,55.3,6.6,2.7,6.9,5.2,5.7,3.8,1.8
Tamil Nadu,2024-2025,34.0,11.2,35.0,7.1,2.7,4.0,7.1,5.4,3.8,1.9
Tamil Nadu,2022-2023,21.9,20.8,100.2,1.0,3.5,4.4,3.8,2.9,4.1,1.3
Madhya Pradesh,2017-2018,9.6,3.7,36.5,1.3,0.9,2.4,1.2,0.6,0.9,2.7
Bihar,2018-2019,5.7,2.9,48.2,1.4,0.6,1.2,0.5,0.4,1.4,0.6
Maharashtra,2016-2017,33.2,27.8,52.75,5.6,6.3,5.1,3.2,4.0,5.7,4.5
West Bengal,2020-2021,39.0,43.3,104.9,4.9,6.7,3.2,2.8,9.7,6.6,6.3
Rajasthan,2016-2017,41.0,14.7,34.2,9.8,8.0,3.7,6.8,2.6,9.1,4.1
Kerala,2023-2024,3.3,0.5,17.3,0.5,0.2,0.3,0.8,0.7,0.5,0.5
Gujarat,2024-2025,50.0,40.6,94.7,5.9,10.9,8.0,4.4,4.6,6.5,6.9
Karnataka,2015-2016,14.0,7.7,51.8,2.4,3.3,1.0,3.3,2.6,0.7,3.2
Punjab,2020-2021,38.5,18.9,51.6,6.0,5.1,6.7,7.9,3.7,3.0,7.5
Rajasthan,2022-2023,51.3,49.7,92.4,8.8,7.1,7.6,9.5,2.4,9.2,4.0
Maharashtra,2023-2024,39.4,7.5,17.9,6.4,3.9,7.4,5.5,6.4,2.5,6.3
Unknown,2019-2020,29.4,25.8,85.3,1.8,4.2,2.9,4.0,4.3,4.4,3.2
Chhattisgarh,Unknown,40.4,42.8,88.7,4.9,10.8,5.4,4.5,5.3,7.3,5.1
Jharkhand,2015-2016,25.3,13.7,56.6,5.0,4.5,2.8,2.8,4.5,3.1,3.1
Punjab,2017-2018,4.5,3.0,75.7,3.3,0.3,0.3,0.8,0.5,0.7,0.6
Chhattisgarh,Unknown,10.7,8.1,52.75,1.8,0.7,1.0,1.6,1.5,1.8,2.8
Unknown,2024-2025,35.5,6.5,20.9,4.8,4.4,5.1,3.2,4.8,6.6,5.5
Tamil Nadu,2019-2020,2.3,0.9,38.4,0.4,0.4,0.4,3.2,3.1,0.1,0.4
West Bengal,2020-2021,4.3,0.6,15.0,0.5,0.9,0.7,0.5,0.9,0.4,0.2
Jharkhand,2023-2024,40.2,40.0,86.3,5.7,5.9,6.2,6.4,3.1,5.4,5.6
Unknown,2019-2020,24.4,12.5,55.0,1.6,1.8,3.1500000000000004,4.6,4.8,4.9,4.4
Rajasthan,2022-2023,9.6,5.2,52.2,3.3,2.6,0.9,1.2,1.3,0.6,2.4
Rajasthan,2023-2024,16.8,3.1,21.0,3.4,1.6,2.4,3.0,1.4,2.6,2.0
Punjab,2018-2019,44.6,8.6,18.5,3.0,4.3,7.9,11.8,6.0,8.4,4.4
Assam,2022-2023,24.4,23.8,92.1,3.8,1.2,4.2,4.2,2.9,4.2,4.6
Tamil Nadu,2022-2023,44.1,16.1,38.7,9.5,3.3,3.1,5.8,6.1,7.6,2.8
Karnataka,2018-2019,38.8,8.6,20.5,7.1,7.5,3.4,4.6,9.1,2.3,2.2
Madhya Pradesh,2017-2018,28.8,10.4,45.9,2.1,5.8,4.9,3.7,3.1,5.7,5.6
Rajasthan,2021-2022,29.2,20.2,74.6,4.4,3.5,3.9,5.5,6.8,2.1,3.0
Delhi,2018-2019,38.8,23.2,52.75,5.1,4.5,6.4,1.9,5.3,7.3,6.6
Goa,2022-2023,30.2,19.6,61.2,4.3,3.3,4.2,5.2,1.9,4.9,3.7
West Bengal,2015-2016,24.6,21.0,80.6,4.9,2.9,2.0,4.5,3.9,2.3,2.4
Gujarat,2024-2025,2.4,0.9,39.4,0.3,0.4,0.3,0.3,0.2,0.6,0.3
Telangana,2015-2016,21.7,9.1,38.7,2.9,4.3,2.1,2.6,1.9,3.0,4.0
Kerala,2016-2017,14.6,11.3,64.6,3.3,2.2,2.2,2.0,1.8,2.8,1.3
Haryana,2022-2023,31.6,6.2,21.0,4.0,6.5,2.4,5.5,5.9,3.3,3.1
Goa,2018-2019,29.4,17.2,61.1,6.5,3.6,4.4,3.5,3.1,5.3,2.1
Gujarat,2017-2018,28.9,9.1,29.1,6.4,2.1,5.3,3.1,6.5,2.6,4.4
West Bengal,2023-2024,23.9,22.6,90.3,5.3,4.7,5.5,4.9,1.2,1.8,1.9
Haryana,2020-2021,2.7,0.8,52.75,0.6,0.5,0.2,0.3,0.5,0.3,0.3
Goa,2016-2017,26.5,13.6,54.3,2.7,2.5,3.1,5.7,4.5,3.6,2.7
Madhya Pradesh,2018-2019,16.1,1.6,10.8,3.5,2.6,3.0,2.4,2.1,1.1,2.1
Delhi,2023-2024,5.2,1.8,40.3,0.5,0.5,0.4,1.0,0.8,0.9,0.7
Telangana,2016-2017,28.1,10.6,34.8,6.4,4.8,3.5,1.4,4.3,3.3,6.4
Maharashtra,2015-2016,37.7,21.7,61.2,3.0,4.4,3.8,9.8,8.2,5.2,5.4
Rajasthan,2019-2020,6.5,1.7,24.2,1.2,0.9,1.3,1.3,1.0,0.4,1.0
Chhattisgarh,2017-2018,6.0,0.6,11.5,0.7,0.6,1.0,0.6,0.9,0.8,1.1
Chhattisgarh,2016-2017,16.5,12.8,89.1,3.5,3.1,1.5,2.5,0.8,3.7,0.8
Karnataka,2020-2021,38.2,11.7,29.7,4.6,8.2,3.0,5.5,3.8,4.8,5.9
Goa,2023-2024,5.0,4.3,94.6,0.3,0.7,0.5,1.0,0.8,0.7,0.7
Jharkhand,2016-2017,3.1,2.1,76.8,0.5,0.4,0.5,0.4,0.5,0.3,0.3
Chhattisgarh,2019-2020,6.6,10.4,100.0,1.3,1.5,0.6,1.1,1.0,0.7,3.2
Chhattisgarh,2022-2023,34.0,24.8,67.8,6.3,5.7,5.4,5.7,5.2,2.3,5.5
West Bengal,2016-2017,11.8,9.5,68.8,2.1,1.1,0.8,2.2,2.0,1.9,3.2
West Bengal,2015-2016,42.6,1.0,2.6,6.6,8.2,3.1500000000000004,4.8,3.4,5.9,3.2
Madhya Pradesh,2024-2025,33.5,32.0,90.5,3.2,5.9,4.3,5.9,4.3,4.4,3.3
Madhya Pradesh,2021-2022,44.3,40.0,78.1,8.9,4.3,9.3,3.2,3.1,4.7,7.8
Punjab,2019-2020,47.4,30.4,67.7,2.9,10.7,7.8,4.1,3.1,10.0,5.0
Delhi,2023-2024,25.5,14.5,59.8,4.0,3.6,3.4,5.4,3.7,3.1,3.5
Andhra Pradesh,2022-2023,9.9,5.0,47.5,1.5,2.0,2.0,1.5,0.7,0.7,1.6
Maharashtra,2019-2020,25.5,9.5,34.5,3.7,2.4,2.2,4.2,4.9,4.2,3.0
Unknown,2021-2022,21.5,18.3,87.5,2.5,2.3,4.8,1.2,4.8,4.7,2.0
Haryana,2020-2021,45.6,40.0,82.8,2.7,7.6,7.6,7.0,7.8,7.0,7.4
Chhattisgarh,2021-2022,31.8,10.4,42.6,4.4,4.2,5.2,2.7,6.6,2.6,6.2
Andhra Pradesh,2023-2024,23.5,4.6,20.9,5.1,2.2,2.0,3.0,4.4,5.4,2.3
Goa,2023-2024,21.8,5.1,52.75,1.8,3.5,2.4,2.7,4.2,4.2,4.0
Punjab,2024-2025,30.0,26.6,82.9,3.4,7.1,5.6,7.0,1.7,1.7,5.2
Assam,2023-2024,24.1,20.3,86.0,3.7,2.4,6.6,4.5,2.6,1.9,2.1
Delhi,2017-2018,39.3,14.5,39.5,6.2,2.3,5.6,2.4,6.2,5.7,8.0
Assam,2017-2018,45.8,1.0,2.3,3.3,5.9,8.9,7.5,3.5,8.4,4.1
Bihar,2022-2023,39.8,13.3,31.2,7.1,3.5,1.7,9.2,6.4,6.0,9.2
Telangana,2022-2023,21.7,11.5,50.5,2.7,4.0,2.2,4.3,2.4,3.1,4.4
Delhi,2019-2020,53.1,41.6,83.8,7.7,5.5,10.4,6.5,5.4,7.5,8.0
Chhattisgarh,2021-2022,10.6,4.5,39.3,3.3,2.0,1.5,1.3,0.8,1.9,1.7
Telangana,2021-2022,31.2,2.0,6.5,3.9,3.3,4.9,3.8,5.3,4.7,2.5
Punjab,2015-2016,18.3,9.0,47.9,3.4,3.3,1.3,3.6,2.3,3.7,3.8
West Bengal,2024-2025,32.5,32.2,93.3,4.5,4.7,4.8,2.9,5.1,4.0,4.9
Telangana,2017-2018,44.8,42.8,93.6,8.8,7.7,5.7,2.8,4.7,8.3,9.4
Tamil Nadu,2017-2018,15.6,5.9,38.5,1.7,3.5,3.9,1.2,3.7,1.0,2.0
Tamil Nadu,2017-2018,35.8,11.4,27.6,9.9,4.2,3.8,2.9,5.6,8.8,3.1
Jharkhand,2017-2018,16.9,16.3,104.7,2.1,2.5,4.0,3.2,2.0,1.0,2.8
Goa,2019-2020,25.6,11.3,66.3,3.3,2.6,1.6,1.9,1.9,1.9,3.8
Uttar Pradesh,2017-2018,7.8,6.9,89.6,1.7,1.8,0.4,1.2,1.0,0.8,1.0
Kerala,Unknown,10.9,4.7,46.5,1.0,1.9,2.4,3.0,1.1,1.3,0.8
Gujarat,2015-2016,12.6,4.6,33.5,1.3,2.1,1.3,2.1,1.2,2.8,1.4
Tamil Nadu,2016-2017,39.6,27.3,70.4,8.4,4.0,3.2,5.0,8.6,6.5,4.2
Karnataka,2016-2017,8.4,5.3,52.75,1.2,1.6,1.3,1.0,1.3,1.1,1.5
Goa,2021-2022,43.6,11.5,29.9,7.5,9.7,2.9,6.6,3.1,3.1,6.4
Madhya Pradesh,2020-2021,40.5,5.4,52.75,9.4,3.4,5.6,5.7,4.7,4.0,5.8
Chhattisgarh,2015-2016,5.4,10.4,82.8,1.0,0.4,0.5,1.0,0.6,0.4,3.2
Goa,2018-2019,21.9,23.5,105.0,3.7,2.0,4.6,2.8,3.8,1.9,3.3
Odisha,Unknown,19.3,6.8,52.75,1.7,4.3,1.2,3.1,2.3,1.4,4.8
Goa,2015-2016,24.7,18.6,64.8,3.1,5.1,4.9,2.5,2.5,2.2,5.4
